boleto,numero,concertacion,contraparte,id_cuenta,tipoOperacion,instrumento,bruto,moneda,segmento,denominacion
BOL 2025011421,2025011421,2025-01-31,ALLARIA - ALYC,453,SENEBI Contado - Compra,[9323] TTD26,1896237220.0,ARS,SENEBI,ALLARIA S.A. ALYC
BOL 2025018192,2025018192,2025-02-14,ALLARIA - ALYC,453,SENEBI Contado - Compra,[9325] T15E7,2597546999.62,ARS,SENEBI,ALLARIA S.A. ALYC
BOL 2025105454,2025105454,2025-07-15,ALLARIA - ALYC,453,SENEBI Contado - Venta,[56638] VSCHO,119815000.0,ARS,SENEBI,ALLARIA S.A. ALYC
BOL 2025130681,2025130681,2025-09-02,ALLARIA - ALYC,453,SENEBI Contado - Venta,[57855] YMCWO,639475000.0,ARS,SENEBI,ALLARIA S.A. ALYC
BOL 2025165104,2025165104,2025-10-21,ALLARIA - ALYC,453,SENEBI Contado - Venta,[58579] PN40O,286934000.0,ARS,SENEBI,ALLARIA S.A. ALYC
BOL 2025175893,2025175893,2025-11-07,ALLARIA - ALYC,453,SENEBI Contado - Venta,[58579] PN40O,594497400.0,ARS,SENEBI,ALLARIA S.A. ALYC
BOL 2025176090,2025176090,2025-11-10,ALLARIA - ALYC,453,SENEBI Contado - Venta,[57855] YMCWO,144568100.0,ARS,SENEBI,ALLARIA S.A. ALYC
BOL 2026014392,2026014392,2026-01-27,ALLARIA - ALYC,453,SENEBI Contado - Venta,[56887] VSCJO,270752000.0,ARS,SENEBI,ALLARIA S.A. ALYC
BOL 2026026525,2026026525,2026-02-23,ALLARIA - ALYC,453,SENEBI Contado - Compra,[57085] TLCGO,132932002.5,ARS,SENEBI,ALLARIA S.A. ALYC
BOL 2026028066,2026028066,2026-02-24,ALLARIA - ALYC,453,SENEBI Contado - Compra,[56887] VSCJO,129941260.0,ARS,SENEBI,ALLARIA S.A. ALYC
BOL 2024124647,2024124647,2024-12-18,BBVA,1257,SENEBI Contado - Venta,[42849] BBY25 - LT PCIA BS AS CAP V22/05/25 $ CG,129702300.0,ARS,SENEBI,BANCO BBVA ARGENTINA S.A
BOL 2025089771,2025089771,2025-06-18,COMAFI,711,SENEBI Contado - Compra,[81086] GD30,250000.31,USD,SENEBI,BANCO COMAFI S.A.
BOL 2025113356,2025113356,2025-07-30,COMAFI,711,SENEBI Contado - Venta,[9236] BPOC7,698155161.0,ARS,SENEBI,BANCO COMAFI S.A.
BOL 2025135668,2025135668,2025-09-12,COMAFI,711,SENEBI Contado - Venta,[58838] AFCHO,252250.0,USD,SENEBI,BANCO COMAFI S.A.
BOL 2025135982,2025135982,2025-09-12,COMAFI,711,SENEBI Contado - Venta,[57800] TLCLO,349725000.0,ARS,SENEBI,BANCO COMAFI S.A.
BOL 2025143927,2025143927,2025-09-24,COMAFI,711,SENEBI Contado - Venta,[56781] YMCMO,198792000.0,ARS,SENEBI,BANCO COMAFI S.A.
BOL 2025144194,2025144194,2025-09-24,COMAFI,711,SENEBI Contado - Venta,[57828] YFCHO,527112000.0,ARS,SENEBI,BANCO COMAFI S.A.
BOL 2025155140,2025155140,2025-10-03,COMAFI,711,SENEBI Contado - Venta,[81086] GD30,1292580228.46,ARS,SENEBI,BANCO COMAFI S.A.
BOL 2025155144,2025155144,2025-10-03,COMAFI,711,SENEBI Contado - Compra,[81086] GD30,860000.15,USD,SENEBI,BANCO COMAFI S.A.
BOL 2025156162,2025156162,2025-10-06,COMAFI,711,SENEBI Contado - Venta,[56638] VSCHO,139707000.0,ARS,SENEBI,BANCO COMAFI S.A.
BOL 2025171979,2025171979,2025-10-31,COMAFI,711,SENEBI Contado - Venta,[9282] TZVD5 - BONO TESORO NACIONAL V15/12/25 U$S CG,1798750000.0,ARS,SENEBI,BANCO COMAFI S.A.
BOL 2026040736,2026040736,2026-03-17,BIND,018,SENEBI Contado - Compra,[9249] TZXD6,1296500000.0,ARS,SENEBI,BANCO INDUSTRIAL SA
BOL 2025075648,2025075648,2025-05-29,BST,732,SENEBI Contado - Venta,[42909] BA2N5 - LT MUN. DE CORDOBA S.52 V28/11/25 $ CG,211460000.0,ARS,SENEBI,BST
BOL 2024095419,2024095419,2024-10-24,BULL MARKET - ALYC,849,SENEBI Contado - Venta,[57108] OLC2O,390000000.0,ARS,SENEBI,BULL MARKET BROKERS SA
BOL 2024123268,2024123268,2024-12-17,BULL MARKET - ALYC,849,SENEBI Contado - Venta,[9301] S12S5 - Letra del Tesoro Nacional capitalizable en pesos Vto. 12/09/25,638250000.0,ARS,SENEBI,BULL MARKET BROKERS SA
BOL 2026047301,2026047301,2026-03-30,BULL MARKET - ALYC,849,SENEBI Contado - Venta,[42991] BUA26 - LT PROV. CHUBUT S.115 CL.1 22/04/26 $,519100000.0,ARS,SENEBI,BULL MARKET BROKERS SA
BOL 2025150172,2025150172,2025-09-29,COCOS - ALYC,1293,SENEBI Contado - Venta,[58107] MGCNO,586241370.0,ARS,SENEBI,COCOS CAPITAL S.A.
BOL 2025150456,2025150456,2025-09-29,COCOS - ALYC,1293,SENEBI Contado - Venta,[58107] MGCNO,129348310.5,ARS,SENEBI,COCOS CAPITAL S.A.
BOL 2025151537,2025151537,2025-09-30,COCOS - ALYC,1293,SENEBI Contado - Venta,[9235] BPOB7,625459520.0,ARS,SENEBI,COCOS CAPITAL S.A.
BOL 2025152794,2025152794,2025-10-01,COCOS - ALYC,1293,SENEBI Contado - Venta,[9236] BPOC7,640943400.0,ARS,SENEBI,COCOS CAPITAL S.A.
BOL 2025152795,2025152795,2025-10-01,COCOS - ALYC,1293,SENEBI Contado - Compra,[9235] BPOB7,640963120.0,ARS,SENEBI,COCOS CAPITAL S.A.
BOL 2025169482,2025169482,2025-10-28,COCOS - ALYC,1293,SENEBI Contado - Venta,[9235] BPOB7,700956875.0,ARS,SENEBI,COCOS CAPITAL S.A.
BOL 2025195311,2025195311,2025-12-05,COCOS - ALYC,1293,SENEBI Contado - Compra,[58438] BPCLO,514900000.0,ARS,SENEBI,COCOS CAPITAL S.A.
BOL 2025208464,2025208464,2025-12-30,COCOS - ALYC,1293,SENEBI Contado - Compra,[9319] TTM26,1395500000.0,ARS,SENEBI,COCOS CAPITAL S.A.
BOL 2025033359,2025033359,2025-03-12,ALLARIA - ALYC,453,SENEBI Contado - Venta,[9324] S10N5,998000000.0,ARS,SENEBI,ALLARIA S.A. ALYC
BOL 2025107291,2025107291,2025-07-18,ALLARIA - ALYC,453,SENEBI Contado - Compra,[57884] VSCQO,1302586080.0,ARS,SENEBI,ALLARIA S.A. ALYC
BOL 2025164411,2025164411,2025-10-20,ALLARIA - ALYC,453,SENEBI Contado - Venta,[58579] PN40O,169818000.0,ARS,SENEBI,ALLARIA S.A. ALYC
BOL 2025190442,2025190442,2025-11-28,ALLARIA - ALYC,453,SENEBI Contado - Venta,[5921] AL30,309999.95,USD,SENEBI,ALLARIA S.A. ALYC
BOL 2025205206,2025205206,2025-12-22,ALLARIA - ALYC,453,SENEBI Contado - Venta,[57639] HJCAO,438501000.0,ARS,SENEBI,ALLARIA S.A. ALYC
BOL 2026027809,2026027809,2026-02-24,ALLARIA - ALYC,453,SENEBI Contado - Venta,[56887] VSCJO,129941260.0,ARS,SENEBI,ALLARIA S.A. ALYC
BOL 2026029252,2026029252,2026-02-26,ALLARIA - ALYC,453,SENEBI Contado - Compra,[9242] TZX28,2866000001.09,ARS,SENEBI,ALLARIA S.A. ALYC
BOL 2025113357,2025113357,2025-07-30,COMAFI,711,SENEBI Contado - Compra,[81090] GD38,502329977.65,ARS,SENEBI,BANCO COMAFI S.A.
BOL 2025152964,2025152964,2025-10-01,COMAFI,711,SENEBI Contado - Venta,[81086] GD30,229500703.8,ARS,SENEBI,BANCO COMAFI S.A.
BOL 2025154619,2025154619,2025-10-03,COMAFI,711,SENEBI Contado - Venta,[81086] GD30,450300555.67,ARS,SENEBI,BANCO COMAFI S.A.
BOL 2025202809,2025202809,2025-12-19,COMAFI,711,SENEBI Contado - Compra,[81088] GD35,2929800225.13,ARS,SENEBI,BANCO COMAFI S.A.
BOL 2026023324,2026023324,2026-02-13,COMAFI,711,SENEBI Contado - Compra,[58900] SXC2O,729700000.0,ARS,SENEBI,BANCO COMAFI S.A.
BOL 2026014092,2026014092,2026-01-27,BIND,018,SENEBI Contado - Venta,[9351] S30A6,1176000000.0,ARS,SENEBI,BANCO INDUSTRIAL SA
BOL 2026020122,2026020122,2026-02-06,BIND,018,SENEBI Contado - Compra,[9257] TZXM6,918675000.0,ARS,SENEBI,BANCO INDUSTRIAL SA
BOL 2025088796,2025088796,2025-06-17,BST,732,SENEBI Contado - Venta,[42909] BA2N5 - LT MUN. DE CORDOBA S.52 V28/11/25 $ CG,215760000.0,ARS,SENEBI,BST
BOL 2024075892,2024075892,2024-08-29,BULL MARKET - ALYC,849,SENEBI Contado - Venta,[56467] LUC4O - ON LUZ TRES P.4,534930000.0,ARS,SENEBI,BULL MARKET BROKERS SA
BOL 2024076358,2024076358,2024-08-30,BULL MARKET - ALYC,849,SENEBI Contado - Venta,[56108] LUC20 - ON LUZ TRES P 2,285240000.0,ARS,SENEBI,BULL MARKET BROKERS SA
BOL 2024088714,2024088714,2024-10-07,BULL MARKET - ALYC,849,SENEBI Contado - Venta,[57230] TLCHO,511925278.5,ARS,SENEBI,BULL MARKET BROKERS SA
BOL 2025087699,2025087699,2025-06-12,BULL MARKET - ALYC,849,SENEBI Contado - Venta,[9309] T17O5,278797400.0,ARS,SENEBI,BULL MARKET BROKERS SA
BOL 2025090463,2025090463,2025-06-13,BULL MARKET - ALYC,849,SENEBI Contado - Compra,[55985] TLCDO - ON TELECOM ARG CL.12,483840000.0,ARS,SENEBI,BULL MARKET BROKERS SA
BOL 2025051231,2025051231,2025-04-21,COCOS - ALYC,1293,SENEBI Contado - Venta,[58579] PN40O,99210000.0,ARS,SENEBI,COCOS CAPITAL S.A.
BOL 2025119730,2025119730,2025-08-12,COCOS - ALYC,1293,SENEBI Contado - Venta,[57855] YMCWO,797542500.0,ARS,SENEBI,COCOS CAPITAL S.A.
BOL 2025155229,2025155229,2025-10-03,COCOS - ALYC,1293,SENEBI Contado - Venta,[9235] BPOB7,656496000.0,ARS,SENEBI,COCOS CAPITAL S.A.
BOL 2025165740,2025165740,2025-10-22,COCOS - ALYC,1293,SENEBI Contado - Compra,[9235] BPOB7,703909600.0,ARS,SENEBI,COCOS CAPITAL S.A.
BOL 2025167239,2025167239,2025-10-24,COCOS - ALYC,1293,SENEBI Contado - Compra,[9240] TZX26,999999998.28,ARS,SENEBI,COCOS CAPITAL S.A.
BOL 2025195298,2025195298,2025-12-05,COCOS - ALYC,1293,SENEBI Contado - Compra,[58656] BNCWO,506050000.0,ARS,SENEBI,COCOS CAPITAL S.A.
BOL 2026011181,2026011181,2026-01-21,COCOS - ALYC,1293,SENEBI Contado - Compra,[9247] BPY26,550751.2,USD,SENEBI,COCOS CAPITAL S.A.
BOL 2023005010 (A),2023005010,2023-01-11,CONO SUR - ALYC,141,SENEBI Contado - Compra,[9105] X20E3 - X20E3-LETRA DEL TESORO NACIONAL EN PESOS AJUSTADA POR CER A DESCUENTO CON VENCIMIENTO 20 DE ENERO DE 2023,50000.0,USD,,CONO SUR INVERSIONES S.A
BOL 2025031382,2025031382,2025-03-11,CONO SUR - ALYC,141,SENEBI Contado - Compra,[9237] BPOD7,1836379321.2,ARS,SENEBI,CONO SUR INVERSIONES S.A
BOL 2025043173,2025043173,2025-04-07,CONO SUR - ALYC,141,SENEBI Contado - Venta,[9320] TTJ26,1000000.0,USD,SENEBI,CONO SUR INVERSIONES S.A
BOL 2025012869,2025012869,2025-01-31,ALLARIA - ALYC,453,SENEBI Contado - Venta,[9323] TTD26,1605620.0,USD,SENEBI,ALLARIA S.A. ALYC
BOL 2025016089,2025016089,2025-02-10,ALLARIA - ALYC,453,SENEBI Contado - Compra,[9325] T15E7,2395999999.78,ARS,SENEBI,ALLARIA S.A. ALYC
BOL 2025016556,2025016556,2025-02-11,ALLARIA - ALYC,453,SENEBI Contado - Compra,[9325] T15E7,1190999999.89,ARS,SENEBI,ALLARIA S.A. ALYC
BOL 2025021788,2025021788,2025-02-24,ALLARIA - ALYC,453,SENEBI Contado - Compra,[9298] S14M5 - LETRAS DEL TESORO CAP $ V 14/03/25,2452475059.09,ARS,SENEBI,ALLARIA S.A. ALYC
BOL 2025021887,2025021887,2025-02-24,ALLARIA - ALYC,453,SENEBI Contado - Venta,[9298] S14M5 - LETRAS DEL TESORO CAP $ V 14/03/25,2021826.1,USD,SENEBI,ALLARIA S.A. ALYC
BOL 2025030886,2025030886,2025-03-10,ALLARIA - ALYC,453,SENEBI Contado - Compra,[9256] S31M5,4587000000.0,ARS,SENEBI,ALLARIA S.A. ALYC
BOL 2025106941,2025106941,2025-07-16,ALLARIA - ALYC,453,SENEBI Contado - Venta,[56638] VSCHO,117770000.0,ARS,SENEBI,ALLARIA S.A. ALYC
BOL 2025107287,2025107287,2025-07-18,ALLARIA - ALYC,453,SENEBI Contado - Venta,[56638] VSCHO,1315582620.0,ARS,SENEBI,ALLARIA S.A. ALYC
BOL 2025110291,2025110291,2025-07-24,ALLARIA - ALYC,453,SENEBI Contado - Venta,[9250] TZXD7,837500000.0,ARS,SENEBI,ALLARIA S.A. ALYC
BOL 2025130678,2025130678,2025-09-02,ALLARIA - ALYC,453,SENEBI Contado - Venta,[56781] YMCMO,218959950.0,ARS,SENEBI,ALLARIA S.A. ALYC
BOL 2025172128,2025172128,2025-10-31,ALLARIA - ALYC,453,SENEBI Contado - Venta,[58579] PN40O,273170000.0,ARS,SENEBI,ALLARIA S.A. ALYC
BOL 2025173365,2025173365,2025-11-04,ALLARIA - ALYC,453,SENEBI Contado - Venta,[58579] PN40O,210606000.0,ARS,SENEBI,ALLARIA S.A. ALYC
BOL 2025190437,2025190437,2025-11-28,ALLARIA - ALYC,453,SENEBI Contado - Compra,[5921] AL30,456939926.3,ARS,SENEBI,ALLARIA S.A. ALYC
BOL 2025202657,2025202657,2025-12-18,ALLARIA - ALYC,453,SENEBI Contado - Venta,[57855] YMCWO,142574000.0,ARS,SENEBI,ALLARIA S.A. ALYC
BOL 2026008910,2026008910,2026-01-16,ALLARIA - ALYC,453,SENEBI Contado - Venta,[57485] TLCKO,251844200.0,ARS,SENEBI,ALLARIA S.A. ALYC
BOL 2026038298,2026038298,2026-03-13,ALLARIA - ALYC,453,SENEBI Contado - Compra,[57085] TLCGO,98776080.0,ARS,SENEBI,ALLARIA S.A. ALYC
BOL 2025089766,2025089766,2025-06-18,COMAFI,711,SENEBI Contado - Venta,[81086] GD30,290750365.18,ARS,SENEBI,BANCO COMAFI S.A.
BOL 2025113355,2025113355,2025-07-30,COMAFI,711,SENEBI Contado - Venta,[81090] GD38,381999.98,USD,SENEBI,BANCO COMAFI S.A.
BOL 2025132645,2025132645,2025-09-05,COMAFI,711,SENEBI Contado - Venta,[56638] VSCHO,1276630000.0,ARS,SENEBI,BANCO COMAFI S.A.
BOL 2025143361,2025143361,2025-09-23,COMAFI,711,SENEBI Contado - Venta,[56638] VSCHO,126333801.5,ARS,SENEBI,BANCO COMAFI S.A.
BOL 2025152969,2025152969,2025-10-01,COMAFI,711,SENEBI Contado - Compra,[81086] GD30,150000.46,USD,SENEBI,BANCO COMAFI S.A.
BOL 2025154642,2025154642,2025-10-03,COMAFI,711,SENEBI Contado - Compra,[81086] GD30,300000.37,USD,SENEBI,BANCO COMAFI S.A.
BOL 2025155279,2025155279,2025-10-03,COMAFI,711,SENEBI Contado - Venta,[57855] YMCWO,167300400.0,ARS,SENEBI,BANCO COMAFI S.A.
BOL 2025155742,2025155742,2025-10-06,COMAFI,711,SENEBI Contado - Venta,[56982] OLC1O,156716720.01,ARS,SENEBI,BANCO COMAFI S.A.
BOL 2025156978,2025156978,2025-10-07,COMAFI,711,SENEBI Contado - Venta,[56982] OLC1O,1407800000.0,ARS,SENEBI,BANCO COMAFI S.A.
BOL 2025157519,2025157519,2025-10-08,COMAFI,711,SENEBI Contado - Venta,[56982] OLC1O,590311666.25,ARS,SENEBI,BANCO COMAFI S.A.
BOL 2025197871,2025197871,2025-12-11,COMAFI,711,SENEBI Contado - Venta,[9352] D30A6,426000000.0,ARS,SENEBI,BANCO COMAFI S.A.
BOL 2025201817,2025201817,2025-12-17,COMAFI,711,SENEBI Contado - Venta,[56885] OTS1O,366432450.0,ARS,SENEBI,BANCO COMAFI S.A.
BOL 2025202808,2025202808,2025-12-19,COMAFI,711,SENEBI Contado - Venta,[81088] GD35,1900000.15,USD,SENEBI,BANCO COMAFI S.A.
BOL 2026025357,2026025357,2026-02-19,COMAFI,711,SENEBI Contado - Compra,[9379] X31L6 - L. T. NAC. AJ. CER A DES. 31/07/26,587916800.0,ARS,SENEBI,BANCO COMAFI S.A.
BOL 2026032872,2026032872,2026-03-04,COMAFI,711,SENEBI Contado - Compra,[9257] TZXM6,2098500000.0,ARS,SENEBI,BANCO COMAFI S.A.
BOL 2024085491,2024085491,2024-09-27,BULL MARKET - ALYC,849,SENEBI Contado - Venta,[5328] TC25P - BONO TESORO NACIONAL $ CER 4% 27/04/2025,1210294875.0,ARS,SENEBI,BULL MARKET BROKERS SA
BOL 2024104752,2024104752,2024-11-14,BULL MARKET - ALYC,849,SENEBI Contado - Venta,[5328] TC25P - BONO TESORO NACIONAL $ CER 4% 27/04/2025,808500000.0,ARS,SENEBI,BULL MARKET BROKERS SA
BOL 2024128286,2024128286,2025-01-02,BULL MARKET - ALYC,849,SENEBI Contado - Venta,[5921] AL30,999999.75,USD,SENEBI,BULL MARKET BROKERS SA
BOL 2025013679,2025013679,2025-02-05,BULL MARKET - ALYC,849,SENEBI Contado - Compra,[9250] TZXD7,2322750000.0,ARS,SENEBI,BULL MARKET BROKERS SA
BOL 2025165522,2025165522,2025-10-22,BULL MARKET - ALYC,849,SENEBI Contado - Compra,[9315] S31O5,3277750000.0,ARS,SENEBI,BULL MARKET BROKERS SA
BOL 2025016555,2025016555,2025-02-11,ALLARIA - ALYC,453,SENEBI Contado - Venta,[9325] T15E7,1000000.0,USD,SENEBI,ALLARIA S.A. ALYC
BOL 2025130676,2025130676,2025-09-02,ALLARIA - ALYC,453,SENEBI Contado - Venta,[56781] YMCMO,132703000.0,ARS,SENEBI,ALLARIA S.A. ALYC
BOL 2025202567,2025202567,2025-12-18,ALLARIA - ALYC,453,SENEBI Contado - Venta,[57855] YMCWO,142574000.0,ARS,SENEBI,ALLARIA S.A. ALYC
BOL 2025205485,2025205485,2025-12-22,ALLARIA - ALYC,453,SENEBI Contado - Venta,[57639] HJCAO,438501000.0,ARS,SENEBI,ALLARIA S.A. ALYC
BOL 2026008054,2026008054,2026-01-16,ALLARIA - ALYC,453,SENEBI Contado - Venta,[57485] TLCKO,251844200.0,ARS,SENEBI,ALLARIA S.A. ALYC
BOL 2026028593,2026028593,2026-02-25,ALLARIA - ALYC,453,SENEBI Contado - Compra,[81088] GD35,250000.24,USD,SENEBI,ALLARIA S.A. ALYC
BOL 2026033768,2026033768,2026-03-05,ALLARIA - ALYC,453,SENEBI Contado - Compra,[57800] TLCLO,88839412.14,ARS,SENEBI,ALLARIA S.A. ALYC
BOL 2023048199,2023048199,2023-12-22,COMAFI,711,SENEBI Contado - Venta,[42777] BGD24,20000000.0,ARS,SENEBI,BANCO COMAFI S.A.
BOL 2024018173,2024018173,2024-03-18,COMAFI,711,SENEBI Contado - Venta,[56967] TBC9O,296400000.0,ARS,SENEBI,BANCO COMAFI S.A.
BOL 2024060667,2024060667,2024-07-19,COMAFI,711,SENEBI Contado - Venta,[81088] GD35,1161977.2,USD,SENEBI,BANCO COMAFI S.A.
BOL 2025113320,2025113320,2025-07-30,COMAFI,711,SENEBI Contado - Compra,[9236] BPOC7,697620000.0,ARS,SENEBI,BANCO COMAFI S.A.
BOL 2025134841,2025134841,2025-09-11,COMAFI,711,SENEBI Contado - Venta,[57855] YMCWO,367914250.0,ARS,SENEBI,BANCO COMAFI S.A.
BOL 2025135737,2025135737,2025-09-12,COMAFI,711,SENEBI Contado - Compra,[55025] PN7CO,718229000.0,ARS,SENEBI,BANCO COMAFI S.A.
BOL 2025135985,2025135985,2025-09-12,COMAFI,711,SENEBI Contado - Venta,[55025] PN7CO,720000000.0,ARS,SENEBI,BANCO COMAFI S.A.
BOL 2025147951,2025147951,2025-09-25,COMAFI,711,SENEBI Contado - Venta,[57850] OLC4O,651070000.0,ARS,SENEBI,BANCO COMAFI S.A.
BOL 2025155137,2025155137,2025-10-03,COMAFI,711,SENEBI Contado - Venta,[5921] AL30,108218705.4,ARS,SENEBI,BANCO COMAFI S.A.
BOL 2025155149,2025155149,2025-10-03,COMAFI,711,SENEBI Contado - Compra,[5921] AL30,72001.8,USD,SENEBI,BANCO COMAFI S.A.
BOL 2025175265,2025175265,2025-11-07,COMAFI,711,SENEBI Contado - Venta,[58974] AFCIO,1485000000.0,ARS,SENEBI,BANCO COMAFI S.A.
BOL 2025175643,2025175643,2025-11-07,COMAFI,711,SENEBI Contado - Venta,[58526] AFCBO,1082600000.0,ARS,SENEBI,BANCO COMAFI S.A.
BOL 2025175889,2025175889,2025-11-07,COMAFI,711,SENEBI Contado - Venta,[58472] BNCUO,558900000.0,ARS,SENEBI,BANCO COMAFI S.A.
BOL 2025163066,2025163066,2025-10-17,BIND,018,SENEBI Contado - Venta,[9320] TTJ26,1179000000.0,ARS,SENEBI,BANCO INDUSTRIAL SA
BOL 2026014391,2026014391,2026-01-27,BIND,018,SENEBI Contado - Venta,[9351] S30A6,1176000000.0,ARS,SENEBI,BANCO INDUSTRIAL SA
BOL 2026043375,2026043375,2026-03-19,BIND,018,SENEBI Contado - Compra,[9388] X30S6 - LECER VTO 30/09/2026,1498500000.0,ARS,SENEBI,BANCO INDUSTRIAL SA
BOL 2024091171,2024091171,2024-10-15,BULL MARKET - ALYC,849,SENEBI Contado - Compra,[9180] T2X5,580500000.0,ARS,SENEBI,BULL MARKET BROKERS SA
BOL 2024128471,2024128471,2025-01-02,BULL MARKET - ALYC,849,SENEBI Contado - Compra,[5921] AL30,1173999706.5,ARS,SENEBI,BULL MARKET BROKERS SA
BOL 2025073424,2025073424,2025-05-28,BULL MARKET - ALYC,849,SENEBI Contado - Venta,[9257] TZXM6,1598000000.0,ARS,SENEBI,BULL MARKET BROKERS SA
BOL 2025087698,2025087698,2025-06-12,BULL MARKET - ALYC,849,SENEBI Contado - Compra,[9309] T17O5,278972000.0,ARS,SENEBI,BULL MARKET BROKERS SA
BOL 2026047437,2026047437,2026-03-30,BULL MARKET - ALYC,849,SENEBI Contado - Venta,[42991] BUA26 - LT PROV. CHUBUT S.115 CL.1 22/04/26 $,519100000.0,ARS,SENEBI,BULL MARKET BROKERS SA
BOL 2025051865,2025051865,2025-04-22,COCOS - ALYC,1293,SENEBI Contado - Venta,[58579] PN40O,248500000.0,ARS,SENEBI,COCOS CAPITAL S.A.
BOL 2025116970,2025116970,2025-08-06,COCOS - ALYC,1293,SENEBI Contado - Venta,[57855] YMCWO,194060000.0,ARS,SENEBI,COCOS CAPITAL S.A.
BOL 2025116972,2025116972,2025-08-06,COCOS - ALYC,1293,SENEBI Contado - Compra,[58438] BPCLO,195000000.0,ARS,SENEBI,COCOS CAPITAL S.A.
BOL 2025155226,2025155226,2025-10-03,COCOS - ALYC,1293,SENEBI Contado - Compra,[9236] BPOC7,656749167.55,ARS,SENEBI,COCOS CAPITAL S.A.
BOL 2025155741,2025155741,2025-10-06,COCOS - ALYC,1293,SENEBI Contado - Venta,[9321] TTS26,745890000.0,ARS,SENEBI,COCOS CAPITAL S.A.
BOL 2025165741,2025165741,2025-10-22,COCOS - ALYC,1293,SENEBI Contado - Venta,[9236] BPOC7,703908900.0,ARS,SENEBI,COCOS CAPITAL S.A.
BOL 2025031375,2025031375,2025-03-11,CONO SUR - ALYC,141,SENEBI Contado - Compra,[9306] S30S5,368400183.65,ARS,SENEBI,CONO SUR INVERSIONES S.A
BOL 2025035450,2025035450,2025-03-19,CONO SUR - ALYC,141,SENEBI Contado - Compra,[9315] S31O5,1085000000.0,ARS,SENEBI,CONO SUR INVERSIONES S.A
BOL 2025039644,2025039644,2025-03-28,CONO SUR - ALYC,141,SENEBI Contado - Compra,[9326] S28N5,1426374860.83,ARS,SENEBI,CONO SUR INVERSIONES S.A
BOL 2025043172,2025043172,2025-04-07,CONO SUR - ALYC,141,SENEBI Contado - Compra,[9320] TTJ26,1359999999.61,ARS,SENEBI,CONO SUR INVERSIONES S.A
BOL 2025041166,2025041166,2025-04-01,COCOS - ALYC,1293,SENEBI Contado - Compra,[56967] TBC9O,406600000.0,ARS,SENEBI,COCOS CAPITAL S.A.
BOL 2025067333,2025067333,2025-05-15,COCOS - ALYC,1293,SENEBI Contado - Venta,[57855] YMCWO,515500000.0,ARS,SENEBI,COCOS CAPITAL S.A.
BOL 2025150190,2025150190,2025-09-29,COCOS - ALYC,1293,SENEBI Contado - Compra,[57855] YMCWO,586240200.0,ARS,SENEBI,COCOS CAPITAL S.A.
BOL 2025151584,2025151584,2025-09-30,COCOS - ALYC,1293,SENEBI Contado - Compra,[9236] BPOC7,625461480.0,ARS,SENEBI,COCOS CAPITAL S.A.
BOL 2025169474,2025169474,2025-10-28,COCOS - ALYC,1293,SENEBI Contado - Compra,[9236] BPOC7,700957500.0,ARS,SENEBI,COCOS CAPITAL S.A.
BOL 2025195306,2025195306,2025-12-05,COCOS - ALYC,1293,SENEBI Contado - Venta,[9257] TZXM6,514899998.52,ARS,SENEBI,COCOS CAPITAL S.A.
BOL 2026011025,2026011025,2026-01-21,COCOS - ALYC,1293,SENEBI Contado - Venta,[9237] BPOD7,577699.46,USD,SENEBI,COCOS CAPITAL S.A.
BOL 2025031383,2025031383,2025-03-11,CONO SUR - ALYC,141,SENEBI Contado - Venta,[9237] BPOD7,1495422.9,USD,SENEBI,CONO SUR INVERSIONES S.A
BOL 2025031384,2025031384,2025-03-11,CONO SUR - ALYC,141,SENEBI Contado - Venta,[9306] S30S5,300000.15,USD,SENEBI,CONO SUR INVERSIONES S.A
BOL 2025039643,2025039643,2025-03-28,CONO SUR - ALYC,141,SENEBI Contado - Venta,[9326] S28N5,1095100.0,USD,SENEBI,CONO SUR INVERSIONES S.A
BOL 2026053594,2026053594,2026-04-09,FIRST,1811,SENEBI Contado - Venta,[9386] S15Y6,411440000.0,ARS,SENEBI,FCI First Crecimiento 
BOL 2026053700,2026053700,2026-04-09,GAINVEST,1066,SENEBI Contado - Compra,[9367] S17A6,54842500.0,ARS,SENEBI,FCI GAINVEST RENTA FIJA
BOL 2026053610,2026053610,2026-04-09,FIRST,1756,SENEBI Contado - Venta,[9386] S15Y6,72002000.0,ARS,SENEBI,FCI First Renta Pesos
BOL 2026033659,2026033659,2026-03-05,IAM,1178,SENEBI Contado - Venta,[9257] TZXM6,294196000.0,ARS,SENEBI,IAM FCI DINAMICO ABIERTO PYMES
BOL 2025177389 (A),2025177389,2025-11-12,TORONTO,229,SENEBI Contado - Compra,[9257] TZXM6,1307950000.0,ARS,,FCI TORONTO TRUST
BOL 2025177393 (A),2025177393,2025-11-12,TORONTO,229,SENEBI Contado - Venta,[9314] T13F6,1347000000.0,ARS,,FCI TORONTO TRUST
BOL 2025177778 (A),2025177778,2025-11-12,TORONTO,229,SENEBI Contado - Venta,[9321] TTS26,794400000.0,ARS,,FCI TORONTO TRUST
BOL 2025177910 (A),2025177910,2025-11-12,TORONTO,1597,SENEBI Contado - Compra,[58855] COC1O,582296000.0,ARS,,FCI TORONTO TRUST BALANCEADO
BOL 2023036726,2023036726,2023-10-25,IAM - ALYC,371,SENEBI Contado - Venta,[5923] AE38,40000.03,USD,SENEBI,INDUSTRIAL VALORES SA
BOL 2023036737,2023036737,2023-10-25,IAM - ALYC,371,SENEBI Contado - Compra,[5923] AE38,34200027.36,ARS,SENEBI,INDUSTRIAL VALORES SA
BOL 2023036766,2023036766,2023-10-25,IAM - ALYC,371,SENEBI Contado - Venta,[57118] YMCQO,499999.76,USD,SENEBI,INDUSTRIAL VALORES SA
BOL 2023037470,2023037470,2023-10-31,IAM - ALYC,371,SENEBI Contado - Venta,[81090] GD38,399999.93,USD,SENEBI,INDUSTRIAL VALORES SA
BOL 2024013391,2024013391,2024-03-07,IAM - ALYC,371,SENEBI Contado - Venta,[56994] YMCOO,395830000.0,ARS,SENEBI,INDUSTRIAL VALORES SA
BOL 2025016402,2025016402,2025-02-11,IAM - ALYC,371,SENEBI Contado - Compra,[9297] S14F5 - LETRAS DEL TESORO CAP $ 14/02/25,1191000000.0,ARS,SENEBI,INDUSTRIAL VALORES SA
BOL 2025016428,2025016428,2025-02-11,IAM - ALYC,371,SENEBI Contado - Venta,[9297] S14F5 - LETRAS DEL TESORO CAP $ 14/02/25,1000000.0,USD,SENEBI,INDUSTRIAL VALORES SA
BOL 2025017238,2025017238,2025-02-13,IAM - ALYC,371,SENEBI Contado - Venta,[9299] S16A5 - LETRAS DEL TESORO CAP $ V 16/04/25,1873800000.0,ARS,SENEBI,INDUSTRIAL VALORES SA
BOL 2025031229,2025031229,2025-03-11,IAM - ALYC,371,SENEBI Contado - Venta,[9298] S14M5 - LETRAS DEL TESORO CAP $ V 14/03/25,2750000.0,USD,SENEBI,INDUSTRIAL VALORES SA
BOL 2025043023,2025043023,2025-04-07,IAM - ALYC,371,SENEBI Contado - Compra,[9299] S16A5 - LETRAS DEL TESORO CAP $ V 16/04/25,4078999999.79,ARS,SENEBI,INDUSTRIAL VALORES SA
BOL 2025181438,2025181438,2025-11-17,IAM - ALYC,371,SENEBI Contado - Compra,[9248] TZXD5,477140000.0,ARS,SENEBI,INDUSTRIAL VALORES SA
BOL 2026010513,2026010513,2026-01-20,IAM - ALYC,371,SENEBI Contado - Venta,[9346] S27F6,1211200000.0,ARS,SENEBI,INDUSTRIAL VALORES SA
BOL 2025039024,2025039024,2025-03-27,MAX - ALYC,958,SENEBI Contado - Compra,[5921] AL30,3762000000.0,ARS,SENEBI,MAX CAPITAL S.A.
BOL 2026037692,2026037692,2026-03-12,ONE618,30677269940,SENEBI Contado - Venta,[9264] TZXM7,1842000000.0,ARS,SENEBI,ONE618 ASSET MANAGEMENT GERENTE DE FONDOS COMUNES DE INVERSION S. A.
BOL 2026041721,2026041721,2026-03-18,ONE618,30677269940,SENEBI Contado - Compra,[9264] TZXM7,1907000000.0,ARS,SENEBI,ONE618 ASSET MANAGEMENT GERENTE DE FONDOS COMUNES DE INVERSION S. A.
BOL 2023045562,2023045562,2023-12-13,PORTFOLIO INVESTMENT - ALYC,688,SENEBI Contado - Compra,[05493] TX24,353600000.0,ARS,SENEBI,PORTFOLIO INVESTMENT S.A.
BOL 2023045701,2023045701,2023-12-14,PORTFOLIO INVESTMENT - ALYC,688,SENEBI Contado - Compra,[05493] TX24,165150000.0,ARS,SENEBI,PORTFOLIO INVESTMENT S.A.
BOL 2023043702,2023043702,2023-12-05,CENTAURUS,098,SENEBI Contado - Venta,[56393] LEC5O,244999767.0,ARS,SENEBI,CENTAURUS SOCIEDAD DE BOLSA 
BOL 2024090183,2024090183,2024-10-10,CENTAURUS,098,SENEBI Contado - Compra,[9298] S14M5 - LETRAS DEL TESORO CAP $ V 14/03/25,522750000.0,ARS,SENEBI,CENTAURUS SOCIEDAD DE BOLSA 
BOL 2024095417,2024095417,2024-10-24,CENTAURUS,098,SENEBI Contado - Venta,[9256] S31M5,2599800000.0,ARS,SENEBI,CENTAURUS SOCIEDAD DE BOLSA 
BOL 2025077419,2025077419,2025-06-02,CENTAURUS,098,SENEBI Contado - Compra,[9318] T30J6,1635000000.0,ARS,SENEBI,CENTAURUS SOCIEDAD DE BOLSA 
BOL 2023037231,2023037231,2023-10-27,IAM - ALYC,371,SENEBI Contado - Compra,[5923] AE38,35903955.36,ARS,SENEBI,INDUSTRIAL VALORES SA
BOL 2023037397,2023037397,2023-10-30,IAM - ALYC,371,SENEBI Contado - Compra,[5921] AL30,52273009.15,ARS,SENEBI,INDUSTRIAL VALORES SA
BOL 2023037433,2023037433,2023-10-31,IAM - ALYC,371,SENEBI Contado - Venta,[81088] GD35,749999.88,USD,SENEBI,INDUSTRIAL VALORES SA
BOL 2023037460,2023037460,2023-10-31,IAM - ALYC,371,SENEBI Contado - Venta,[5921] AL30,437817.25,USD,SENEBI,INDUSTRIAL VALORES SA
BOL 2025039580,2025039580,2025-03-28,IAM - ALYC,371,SENEBI Contado - Compra,[9299] S16A5 - LETRAS DEL TESORO CAP $ V 16/04/25,2605000000.0,ARS,SENEBI,INDUSTRIAL VALORES SA
BOL 2025042981,2025042981,2025-04-07,IAM - ALYC,371,SENEBI Contado - Venta,[9299] S16A5 - LETRAS DEL TESORO CAP $ V 16/04/25,3000000.0,USD,SENEBI,INDUSTRIAL VALORES SA
BOL 2025089770,2025089770,2025-06-18,IAM - ALYC,371,SENEBI Contado - Venta,[9308] S15G5,697750000.0,ARS,SENEBI,INDUSTRIAL VALORES SA
BOL 2025134761,2025134761,2025-09-11,IAM - ALYC,371,SENEBI Contado - Venta,[9315] S31O5,3771000000.0,ARS,SENEBI,INDUSTRIAL VALORES SA
BOL 2024109551,2024109551,2024-11-25,MAX - ALYC,958,SENEBI Contado - Venta,[57192] TTC6O - ON TECPETROL S. 6 VTO13/01/25 $ CG,262150000.0,ARS,SENEBI,MAX CAPITAL S.A.
BOL 2025039023,2025039023,2025-03-27,MAX - ALYC,958,SENEBI Contado - Venta,[5921] AL30,3744643725.0,ARS,SENEBI,MAX CAPITAL S.A.
BOL 2026007194,2026007194,2026-01-15,MAX - ALYC,958,SENEBI Contado - Compra,[57864] CP35O,723000000.0,ARS,SENEBI,MAX CAPITAL S.A.
BOL 2026026040,2026026040,2026-02-20,ONE618,30677269940,SENEBI Contado - Venta,[84446] BACGO - O N BANCO MACRO S A 8% VTO.23/06/2029,760500000.0,ARS,SENEBI,ONE618 ASSET MANAGEMENT GERENTE DE FONDOS COMUNES DE INVERSION S. A.
BOL 2023045515,2023045515,2023-12-13,PORTFOLIO INVESTMENT - ALYC,688,SENEBI Contado - Compra,[05493] TX24,416250000.0,ARS,SENEBI,PORTFOLIO INVESTMENT S.A.
BOL 2023048044,2023048044,2023-12-21,PORTFOLIO INVESTMENT - ALYC,688,SENEBI Contado - Compra,"[9178] T3X4 - T3X4 - BONO DEL TESORO NACIONAL EN PESOS AJUSTADO POR CER 3,75% VENCIMIENTO 14 DE ABRIL DE 2024",320000000.0,ARS,SENEBI,PORTFOLIO INVESTMENT S.A.
BOL 2024023843,2024023843,2024-04-08,PORTFOLIO INVESTMENT - ALYC,688,SENEBI Contado - Venta,[9230] TDJ24,499325000.0,ARS,SENEBI,PORTFOLIO INVESTMENT S.A.
BOL 2024080889,2024080889,2024-09-13,PORTFOLIO INVESTMENT - ALYC,688,SENEBI Contado - Compra,[57937] TLCNO,239375000.0,ARS,SENEBI,PORTFOLIO INVESTMENT S.A.
BOL 2023045702,2023045702,2023-12-14,CENTAURUS,098,SENEBI Contado - Venta,"[9178] T3X4 - T3X4 - BONO DEL TESORO NACIONAL EN PESOS AJUSTADO POR CER 3,75% VENCIMIENTO 14 DE ABRIL DE 2024",134758033.26,ARS,SENEBI,CENTAURUS SOCIEDAD DE BOLSA 
BOL 2025136861,2025136861,2025-09-15,IEB - ALYC,33715646469,SENEBI Contado - Venta,[9236] BPOC7,622078110.0,ARS,SENEBI,IEB S.A.
BOL 2025013734,2025013734,2025-02-05,PHAROS - ALYC,30709446343,SENEBI Contado - Venta,[9257] TZXM6,289600000.0,ARS,SENEBI,PHAROS CAPITAL S.A.
BOL 2023049476,2023049476,2023-12-29,S & C - ALYC,788,SENEBI Contado - Venta,[05493] TX24,315500000.0,ARS,SENEBI,S & C INVERSIONES S.A.
BOL 2023036743,2023036743,2023-10-25,IAM - ALYC,371,SENEBI Contado - Compra,[57118] YMCQO,427499794.8,ARS,SENEBI,INDUSTRIAL VALORES SA
BOL 2023037235,2023037235,2023-10-27,IAM - ALYC,371,SENEBI Contado - Venta,[5923] AE38,43153.79,USD,SENEBI,INDUSTRIAL VALORES SA
BOL 2023037368,2023037368,2023-10-30,IAM - ALYC,371,SENEBI Contado - Venta,[5923] AE38,31419.94,USD,SENEBI,INDUSTRIAL VALORES SA
BOL 2023037371,2023037371,2023-10-30,IAM - ALYC,371,SENEBI Contado - Venta,[5921] AL30,62828.14,USD,SENEBI,INDUSTRIAL VALORES SA
BOL 2023037434,2023037434,2023-10-31,IAM - ALYC,371,SENEBI Contado - Compra,[81090] GD38,338799936.48,ARS,SENEBI,INDUSTRIAL VALORES SA
BOL 2023037452,2023037452,2023-10-31,IAM - ALYC,371,SENEBI Contado - Compra,[5921] AL30,370831210.75,ARS,SENEBI,INDUSTRIAL VALORES SA
BOL 2023037465,2023037465,2023-10-31,IAM - ALYC,371,SENEBI Contado - Compra,[81088] GD35,635249894.97,ARS,SENEBI,INDUSTRIAL VALORES SA
BOL 2024040108,2024040108,2024-05-23,IAM - ALYC,371,SENEBI Contado - Venta,[55149] TLC8O,501745000.0,ARS,SENEBI,INDUSTRIAL VALORES SA
BOL 2024063581,2024063581,2024-07-29,IAM - ALYC,371,SENEBI Contado - Compra,[57230] TLCHO,183005700.0,ARS,SENEBI,INDUSTRIAL VALORES SA
BOL 2025025401,2025025401,2025-03-05,IAM - ALYC,371,SENEBI Contado - Compra,[9298] S14M5 - LETRAS DEL TESORO CAP $ V 14/03/25,3482740231.16,ARS,SENEBI,INDUSTRIAL VALORES SA
BOL 2025155952,2025155952,2025-10-06,IAM - ALYC,371,SENEBI Contado - Venta,[58900] SXC2O,4884750000.0,ARS,SENEBI,INDUSTRIAL VALORES SA
BOL 2026045480,2026045480,2026-03-26,IAM - ALYC,371,SENEBI Contado - Venta,[9366] AN29,1305100000.0,ARS,SENEBI,INDUSTRIAL VALORES SA
BOL 2024060660,2024060660,2024-07-19,MAX,30717118134,SENEBI Contado - Venta,[57485] TLCKO,137296500.0,ARS,SENEBI,Max Capital Asset Management S.A.
BOL 2024063671,2024063671,2024-07-26,MAX,30717118134,SENEBI Contado - Venta,[57878] PNZCO,923390000.0,ARS,SENEBI,Max Capital Asset Management S.A.
BOL 2026046398,2026046398,2026-03-27,ONE618,30677269940,SENEBI Contado - Venta,[58579] PN40O,342811250.0,ARS,SENEBI,ONE618 ASSET MANAGEMENT GERENTE DE FONDOS COMUNES DE INVERSION S. A.
BOL 2023048064,2023048064,2023-12-21,PORTFOLIO INVESTMENT - ALYC,688,SENEBI Contado - Compra,[9222] T6X4,229870758.4,ARS,SENEBI,PORTFOLIO INVESTMENT S.A.
BOL 2024123795,2024123795,2024-12-18,PORTFOLIO INVESTMENT - ALYC,688,SENEBI Contado - Venta,[81088] GD35,499999.68,USD,SENEBI,PORTFOLIO INVESTMENT S.A.
BOL 2025126494,2025126494,2025-08-25,PORTFOLIO INVESTMENT - ALYC,688,SENEBI Contado - Venta,[57855] YMCWO,130509360.0,ARS,SENEBI,PORTFOLIO INVESTMENT S.A.
BOL 2025127233,2025127233,2025-08-27,PORTFOLIO INVESTMENT - ALYC,688,SENEBI Contado - Venta,[56638] VSCHO,506824000.0,ARS,SENEBI,PORTFOLIO INVESTMENT S.A.
BOL 2023036908,2023036908,2023-10-26,IAM - ALYC,371,SENEBI Contado - Venta,[57118] YMCQO,337668.45,USD,SENEBI,INDUSTRIAL VALORES SA
BOL 2023036932,2023036932,2023-10-26,IAM - ALYC,371,SENEBI Contado - Compra,[57118] YMCQO,291745540.8,ARS,SENEBI,INDUSTRIAL VALORES SA
BOL 2023037356,2023037356,2023-10-30,IAM - ALYC,371,SENEBI Contado - Compra,[5923] AE38,26487099.0,ARS,SENEBI,INDUSTRIAL VALORES SA
BOL 2026016136,2026016136,2026-01-30,IAM - ALYC,371,SENEBI Contado - Venta,[9352] D30A6,1433000000.0,ARS,SENEBI,INDUSTRIAL VALORES SA
BOL 2024069779,2024069779,2024-08-13,MAX - ALYC,958,SENEBI Contado - Venta,[57878] PNZCO,862500000.0,ARS,SENEBI,MAX CAPITAL S.A.
BOL 2026036924,2026036924,2026-03-11,ONE618,30677269940,SENEBI Contado - Venta,[57433] YMCTO,339360000.0,ARS,SENEBI,ONE618 ASSET MANAGEMENT GERENTE DE FONDOS COMUNES DE INVERSION S. A.
BOL 2026043374,2026043374,2026-03-19,ONE618,30677269940,SENEBI Contado - Compra,[57855] YMCWO,1109012960.0,ARS,SENEBI,ONE618 ASSET MANAGEMENT GERENTE DE FONDOS COMUNES DE INVERSION S. A.
BOL 2023045514,2023045514,2023-12-12,PORTFOLIO INVESTMENT - ALYC,688,SENEBI Contado - Venta,[42013] PBA25,53875000.0,ARS,SENEBI,PORTFOLIO INVESTMENT S.A.
BOL 2023048805,2023048805,2023-12-27,PORTFOLIO INVESTMENT - ALYC,688,SENEBI Contado - Compra,[05493] TX24,309375000.0,ARS,SENEBI,PORTFOLIO INVESTMENT S.A.
BOL 2024123796,2024123796,2024-12-18,PORTFOLIO INVESTMENT - ALYC,688,SENEBI Contado - Compra,[81088] GD35,588999622.92,ARS,SENEBI,PORTFOLIO INVESTMENT S.A.
BOL 2025166396,2025166396,2025-10-23,PORTFOLIO INVESTMENT - ALYC,688,SENEBI Contado - Compra,[57855] YMCWO,176328000.0,ARS,SENEBI,PORTFOLIO INVESTMENT S.A.
BOL 2023044770,2023044770,2023-12-07,CENTAURUS,098,SENEBI Contado - Venta,[56393] LEC5O,150000750.0,ARS,SENEBI,CENTAURUS SOCIEDAD DE BOLSA 
BOL 2024069778,2024069778,2024-08-13,CENTAURUS,098,SENEBI Contado - Venta,[5925] TX26,874500000.0,ARS,SENEBI,CENTAURUS SOCIEDAD DE BOLSA 
BOL 2024074255,2024074255,2024-08-23,CENTAURUS,098,SENEBI Contado - Compra,[9288] S18J5 - LT REP ARGENTINA CAP V18/06/25 $ CG,1022000000.0,ARS,SENEBI,CENTAURUS SOCIEDAD DE BOLSA 
BOL 2024097605,2024097605,2024-10-29,CENTAURUS,098,SENEBI Contado - Venta,[9244] TZX25,1464000000.0,ARS,SENEBI,CENTAURUS SOCIEDAD DE BOLSA 
BOL 2025071302,2025071302,2025-05-23,CENTAURUS,098,SENEBI Contado - Compra,[9314] T13F6,585250000.0,ARS,SENEBI,CENTAURUS SOCIEDAD DE BOLSA 
BOL 2025136862,2025136862,2025-09-15,IEB - ALYC,33715646469,SENEBI Contado - Compra,[9235] BPOB7,622080000.0,ARS,SENEBI,IEB S.A.
BOL 2024012818,2024012818,2024-03-05,PARAKEET - ALYC,689,SENEBI Contado - Venta,[55477] PNFCO,498024000.0,ARS,SENEBI,PARAKEET CAPITAL S.A.
BOL 2024017688,2024017688,2024-03-19,PARAKEET - ALYC,689,SENEBI Contado - Compra,[9120] TV24,162954000.0,ARS,SENEBI,PARAKEET CAPITAL S.A.
BOL 2024038849,2024038849,2024-05-21,PARAKEET - ALYC,689,SENEBI Contado - Venta,[57485] TLCKO,240144000.0,ARS,SENEBI,PARAKEET CAPITAL S.A.
BOL 2024044601,2024044601,2024-06-05,PARAKEET - ALYC,689,SENEBI Contado - Venta,[56899] GYC2O - VD FF AMES 22 CL.A $ C.G,183179940.02,ARS,SENEBI,PARAKEET CAPITAL S.A.
BOL 2024069765,2024069765,2024-08-13,PARAKEET - ALYC,689,SENEBI Contado - Compra,[57275] PNRCO,443590000.0,ARS,SENEBI,PARAKEET CAPITAL S.A.
BOL 2024075083,2024075083,2024-08-27,PARAKEET - ALYC,689,SENEBI Contado - Compra,[5925] TX26,556500000.0,ARS,SENEBI,PARAKEET CAPITAL S.A.
BOL 2024076733,2024076733,2024-09-02,PARAKEET - ALYC,689,SENEBI Contado - Venta,[57037] PQCNO - ON PETROQUIMICA CL. N V16/05/25 U$S CG,152185600.0,ARS,SENEBI,PARAKEET CAPITAL S.A.
BOL 2024078665,2024078665,2024-09-09,PARAKEET - ALYC,689,SENEBI Contado - Compra,[9180] T2X5,138612500.0,ARS,SENEBI,PARAKEET CAPITAL S.A.
BOL 2024079529,2024079529,2024-09-11,PARAKEET - ALYC,689,SENEBI Contado - Venta,[57855] YMCWO,234937500.0,ARS,SENEBI,PARAKEET CAPITAL S.A.
BOL 2024103391,2024103391,2024-11-13,PARAKEET - ALYC,689,SENEBI Contado - Venta,[9310] T15D5,266344530.97,ARS,SENEBI,PARAKEET CAPITAL S.A.
BOL 2024104680,2024104680,2024-11-14,PARAKEET - ALYC,689,SENEBI Contado - Compra,[9310] T15D5,533125379.82,ARS,SENEBI,PARAKEET CAPITAL S.A.
BOL 2024118194,2024118194,2024-12-05,PARAKEET - ALYC,689,SENEBI Contado - Venta,[56994] YMCOO,98720000.0,ARS,SENEBI,PARAKEET CAPITAL S.A.
BOL 2025127947,2025127947,2025-08-28,PARAKEET - ALYC,689,SENEBI Contado - Venta,[56982] OLC1O,552667036.32,ARS,SENEBI,PARAKEET CAPITAL S.A.
BOL 2023032015,2023032015,2023-09-15,PUENTE,099,SENEBI Contado - Venta,[05493] TX24,930250000.0,ARS,SENEBI,PUENTE HNOS S.A
BOL 2023034400,2023034400,2023-10-03,PUENTE,099,SENEBI Contado - Compra,[9197] X23N3,130750000.0,ARS,SENEBI,PUENTE HNOS S.A
BOL 2023036665,2023036665,2023-10-24,PUENTE,099,SENEBI Contado - Compra,[9186] TDA24 - BONO DE LA NACION ARGENTINA EN MONEDA DUAL VENCIMIENTO 30 DE ABRIL DE 2024,409000000.0,ARS,SENEBI,PUENTE HNOS S.A
BOL 2023037681,2023037681,2023-10-31,PUENTE,099,SENEBI Contado - Venta,[92902] TSC2O,149166000.0,ARS,SENEBI,PUENTE HNOS S.A
BOL 2023040665,2023040665,2023-11-22,PUENTE,099,SENEBI Contado - Venta,[05493] TX24,588000000.0,ARS,SENEBI,PUENTE HNOS S.A
BOL 2023041052,2023041052,2023-11-23,PUENTE,099,SENEBI Contado - Venta,[5925] TX26,202980000.0,ARS,SENEBI,PUENTE HNOS S.A
BOL 2023041516,2023041516,2023-11-27,PUENTE,099,SENEBI Contado - Compra,[5925] TX26,19950000.0,ARS,SENEBI,PUENTE HNOS S.A
BOL 2023041823,2023041823,2023-11-28,PUENTE,099,SENEBI Contado - Compra,[05493] TX24,115606.93,USD,SENEBI,PUENTE HNOS S.A
BOL 2024004956,2024004956,2024-01-25,PUENTE,099,SENEBI Contado - Compra,[5925] TX26,560000000.0,ARS,SENEBI,PUENTE HNOS S.A
BOL 2024006866,2024006866,2024-02-01,PUENTE,099,SENEBI Contado - Compra,[9180] T2X5,1176400000.0,ARS,SENEBI,PUENTE HNOS S.A
BOL 2024007829,2024007829,2024-02-09,PUENTE,099,SENEBI Contado - Venta,[42538] PBY24,120525341.93,ARS,SENEBI,PUENTE HNOS S.A
BOL 2024012794,2024012794,2024-03-05,PUENTE,099,SENEBI Contado - Venta,[9234] BPOA7,435000000.0,ARS,SENEBI,PUENTE HNOS S.A
BOL 2024017707,2024017707,2024-03-18,PUENTE,099,SENEBI Contado - Venta,[9120] TV24,332878000.0,ARS,SENEBI,PUENTE HNOS S.A
BOL 2024017709,2024017709,2024-03-19,PUENTE,099,SENEBI Contado - Venta,[9250] TZXD7,1175950000.0,ARS,SENEBI,PUENTE HNOS S.A
BOL 2024017710,2024017710,2024-03-19,PUENTE,099,SENEBI Contado - Venta,[9247] BPY26,692000612.5,ARS,SENEBI,PUENTE HNOS S.A
BOL 2023049182,2023049182,2023-12-28,PARAKEET - ALYC,689,SENEBI Contado - Venta,[9231] TV25,172250000.0,ARS,SENEBI,PARAKEET CAPITAL S.A.
BOL 2024008411,2024008411,2024-02-15,PARAKEET - ALYC,689,SENEBI Contado - Compra,[05493] TX24,396150000.0,ARS,SENEBI,PARAKEET CAPITAL S.A.
BOL 2024018174,2024018174,2024-03-20,PARAKEET - ALYC,689,SENEBI Contado - Venta,[57230] TLCHO,387700000.0,ARS,SENEBI,PARAKEET CAPITAL S.A.
BOL 2024025821,2024025821,2024-04-17,PARAKEET - ALYC,689,SENEBI Contado - Venta,[56638] VSCHO,225900000.0,ARS,SENEBI,PARAKEET CAPITAL S.A.
BOL 2024068368,2024068368,2024-08-09,PARAKEET - ALYC,689,SENEBI Contado - Venta,[5925] TX26,552640000.0,ARS,SENEBI,PARAKEET CAPITAL S.A.
BOL 2024074257,2024074257,2024-08-23,PARAKEET - ALYC,689,SENEBI Contado - Compra,[9288] S18J5 - LT REP ARGENTINA CAP V18/06/25 $ CG,1021500000.0,ARS,SENEBI,PARAKEET CAPITAL S.A.
BOL 2024077319,2024077319,2024-09-03,PARAKEET - ALYC,689,SENEBI Contado - Compra,[57645] GN44O,494935000.0,ARS,SENEBI,PARAKEET CAPITAL S.A.
BOL 2024078482,2024078482,2024-09-06,PARAKEET - ALYC,689,SENEBI Contado - Venta,[57937] TLCNO,474685000.0,ARS,SENEBI,PARAKEET CAPITAL S.A.
BOL 2024080045,2024080045,2024-09-12,PARAKEET - ALYC,689,SENEBI Contado - Venta,[57433] YMCTO,117513550.0,ARS,SENEBI,PARAKEET CAPITAL S.A.
BOL 2025129120,2025129120,2025-08-29,PARAKEET - ALYC,689,SENEBI Contado - Venta,[56982] OLC1O,468371431.66,ARS,SENEBI,PARAKEET CAPITAL S.A.
BOL 2023035587,2023035587,2023-10-12,PUENTE,099,SENEBI Contado - Venta,[57200] MSSEO,64028800.0,ARS,SENEBI,PUENTE HNOS S.A
BOL 2023037207,2023037207,2023-10-27,PUENTE,099,SENEBI Contado - Venta,[05493] TX24,251037500.0,ARS,SENEBI,PUENTE HNOS S.A
BOL 2023037224,2023037224,2023-10-27,PUENTE,099,SENEBI Contado - Compra,[9186] TDA24 - BONO DE LA NACION ARGENTINA EN MONEDA DUAL VENCIMIENTO 30 DE ABRIL DE 2024,339450400.0,ARS,SENEBI,PUENTE HNOS S.A
BOL 2023037614,2023037614,2023-11-01,PUENTE,099,SENEBI Contado - Venta,[91870] YCA6O,51600000.0,ARS,SENEBI,PUENTE HNOS S.A
BOL 2023038520,2023038520,2023-11-08,PUENTE,099,SENEBI Contado - Compra,"[5405] T2X4 - T2X4-BONO DEL TESORO NACIONAL EN PESOS AJUSTADO POR CER 1,55% VENCIMIENTO 26 DE JULIO DE 2024",539750000.0,ARS,SENEBI,PUENTE HNOS S.A
BOL 2023041329,2023041329,2023-11-24,PUENTE,099,SENEBI Contado - Compra,[9156] TDF24,340600000.0,ARS,SENEBI,PUENTE HNOS S.A
BOL 2023041467,2023041467,2023-11-27,PUENTE,099,SENEBI Contado - Venta,[9230] TDJ24,19370750.0,ARS,SENEBI,PUENTE HNOS S.A
BOL 2023041474,2023041474,2023-11-27,PUENTE,099,SENEBI Contado - Venta,[5925] TX26,19950000.0,ARS,SENEBI,PUENTE HNOS S.A
BOL 2023041804,2023041804,2023-11-28,PUENTE,099,SENEBI Contado - Venta,[05493] TX24,99999994.23,ARS,SENEBI,PUENTE HNOS S.A
BOL 2023043491,2023043491,2023-12-04,PUENTE,099,SENEBI Contado - Venta,[9179] T4X4 - T4X4 - BONO DEL TESORO NACIONAL EN PESOS AJUSTADO POR CER 4% VENCIMIENTO 14 DE OCTUBRE DE 2024,227600000.0,ARS,SENEBI,PUENTE HNOS S.A
BOL 2023043495,2023043495,2023-12-04,PUENTE,099,SENEBI Contado - Venta,[05493] TX24,351400000.0,ARS,SENEBI,PUENTE HNOS S.A
BOL 2023044277,2023044277,2023-12-06,PUENTE,099,SENEBI Contado - Compra,"[9178] T3X4 - T3X4 - BONO DEL TESORO NACIONAL EN PESOS AJUSTADO POR CER 3,75% VENCIMIENTO 14 DE ABRIL DE 2024",121500000.0,ARS,SENEBI,PUENTE HNOS S.A
BOL 2023045429,2023045429,2023-12-12,PUENTE,099,SENEBI Contado - Compra,"[5405] T2X4 - T2X4-BONO DEL TESORO NACIONAL EN PESOS AJUSTADO POR CER 1,55% VENCIMIENTO 26 DE JULIO DE 2024",407000000.0,ARS,SENEBI,PUENTE HNOS S.A
BOL 2024005812,2024005812,2024-01-30,PUENTE,099,SENEBI Contado - Venta,[57124] LOC2O,307292500.0,ARS,SENEBI,PUENTE HNOS S.A
BOL 2024018176,2024018176,2024-03-20,PUENTE,099,SENEBI Contado - Compra,[9234] BPOA7,755200000.0,ARS,SENEBI,PUENTE HNOS S.A
BOL 2024023037,2024023037,2024-04-09,PUENTE,099,SENEBI Contado - Venta,[9230] TDJ24,499000000.0,ARS,SENEBI,PUENTE HNOS S.A
BOL 2024025840,2024025840,2024-04-17,PUENTE,099,SENEBI Contado - Compra,[82445] MGC9O,54145000.0,ARS,SENEBI,PUENTE HNOS S.A
BOL 2024035652,2024035652,2024-05-13,PUENTE,099,SENEBI Contado - Venta,[56887] VSCJO,746250000.0,ARS,SENEBI,PUENTE HNOS S.A
BOL 2024038510,2024038510,2024-05-20,PUENTE,099,SENEBI Contado - Venta,[5925] TX26,611100000.0,ARS,SENEBI,PUENTE HNOS S.A
BOL 2024065858,2024065858,2024-08-02,PUENTE,099,SENEBI Contado - Compra,[81092] GD41,1784357343.68,ARS,SENEBI,PUENTE HNOS S.A
BOL 2024068262,2024068262,2024-08-09,PUENTE,099,SENEBI Contado - Venta,[81092] GD41,750000.3,USD,SENEBI,PUENTE HNOS S.A
BOL 2024069674,2024069674,2024-08-13,PUENTE,099,SENEBI Contado - Venta,[57459] GA01A,1999999.64,USD,SENEBI,PUENTE HNOS S.A
BOL 2024078083,2024078083,2024-09-05,PUENTE,099,SENEBI Contado - Venta,[57459] GA01A,1999999.78,USD,SENEBI,PUENTE HNOS S.A
BOL 2024078992,2024078992,2024-09-09,PUENTE,099,SENEBI Contado - Compra,[9180] T2X5,1109500000.0,ARS,SENEBI,PUENTE HNOS S.A
BOL 2024079465,2024079465,2024-09-11,PUENTE,099,SENEBI Contado - Compra,[81092] GD41,1245819537.66,ARS,SENEBI,PUENTE HNOS S.A
BOL 2024079989,2024079989,2024-09-11,PUENTE,099,SENEBI Contado - Venta,[9247] BPY26,2644900000.0,ARS,SENEBI,PUENTE HNOS S.A
BOL 2024079988,2024079988,2024-09-12,PUENTE,099,SENEBI Contado - Compra,[9247] BPY26,1058000000.0,ARS,SENEBI,PUENTE HNOS S.A
BOL 2024080415,2024080415,2024-09-12,PUENTE,099,SENEBI Contado - Venta,[9247] BPY26,1059037700.0,ARS,SENEBI,PUENTE HNOS S.A
BOL 2024080414,2024080414,2024-09-13,PUENTE,099,SENEBI Contado - Compra,[9247] BPY26,1063000000.0,ARS,SENEBI,PUENTE HNOS S.A
BOL 2024080471,2024080471,2024-09-13,PUENTE,099,SENEBI Contado - Venta,[9247] BPY26,1066101600.0,ARS,SENEBI,PUENTE HNOS S.A
BOL 2024090115,2024090115,2024-10-10,PUENTE,099,SENEBI Contado - Compra,[57459] GA01A,1068299780.41,ARS,SENEBI,PUENTE HNOS S.A
BOL 2024091832,2024091832,2024-10-16,PUENTE,099,SENEBI Contado - Compra,[9247] BPY26,792750000.0,ARS,SENEBI,PUENTE HNOS S.A
BOL 2024097798,2024097798,2024-10-30,PUENTE,099,SENEBI Contado - Compra,[81092] GD41,813493373.47,ARS,SENEBI,PUENTE HNOS S.A
BOL 2024105699,2024105699,2024-11-19,PUENTE,099,SENEBI Contado - Compra,[81092] GD41,1794836837.68,ARS,SENEBI,PUENTE HNOS S.A
BOL 2025016389,2025016389,2025-02-11,PUENTE,099,SENEBI Contado - Compra,[9247] BPY26,1596000000.0,ARS,SENEBI,PUENTE HNOS S.A
BOL 2025170482,2025170482,2025-10-29,PUENTE,099,SENEBI Contado - Venta,[9248] TZXD5,579750000.0,ARS,SENEBI,PUENTE HNOS S.A
BOL 2025190997,2025190997,2025-11-28,PUENTE,099,SENEBI Contado - Compra,[9314] T13F6,28753180000.0,ARS,SENEBI,PUENTE HNOS S.A
BOL 2026023511,2026023511,2026-02-13,PUENTE,099,SENEBI Contado - Venta,[84446] BACGO - O N BANCO MACRO S A 8% VTO.23/06/2029,728375000.0,ARS,SENEBI,PUENTE HNOS S.A
BOL 2023030239,2023030239,2023-09-05,BANCO DE VALORES S.A,020,SENEBI Contado - Venta,[9186] TDA24 - BONO DE LA NACION ARGENTINA EN MONEDA DUAL VENCIMIENTO 30 DE ABRIL DE 2024,1045200000.0,ARS,SENEBI,ZUMA ADVISORS S.A.
BOL 2023033535,2023033535,2023-09-28,BANCO DE VALORES S.A,020,SENEBI Contado - Venta,[9186] TDA24 - BONO DE LA NACION ARGENTINA EN MONEDA DUAL VENCIMIENTO 30 DE ABRIL DE 2024,60390800.0,ARS,SENEBI,ZUMA ADVISORS S.A.
BOL 2023036208,2023036208,2023-10-20,BANCO DE VALORES S.A,020,SENEBI Contado - Venta,[9156] TDF24,226000000.0,ARS,SENEBI,ZUMA ADVISORS S.A.
BOL 2023036764,2023036764,2023-10-25,BANCO DE VALORES S.A,020,SENEBI Contado - Compra,[9186] TDA24 - BONO DE LA NACION ARGENTINA EN MONEDA DUAL VENCIMIENTO 30 DE ABRIL DE 2024,424000000.0,ARS,SENEBI,ZUMA ADVISORS S.A.
BOL 2023037726,2023037726,2023-11-02,BANCO DE VALORES S.A,020,SENEBI Contado - Venta,[9120] TV24,215750000.0,ARS,SENEBI,ZUMA ADVISORS S.A.
BOL 2023037761,2023037761,2023-11-02,BANCO DE VALORES S.A,020,SENEBI Contado - Compra,[9186] TDA24 - BONO DE LA NACION ARGENTINA EN MONEDA DUAL VENCIMIENTO 30 DE ABRIL DE 2024,444500000.0,ARS,SENEBI,ZUMA ADVISORS S.A.
BOL 2023037773,2023037773,2023-11-02,BANCO DE VALORES S.A,020,SENEBI Contado - Venta,[9156] TDF24,217000000.0,ARS,SENEBI,ZUMA ADVISORS S.A.
BOL 2023038566,2023038566,2023-11-08,BANCO DE VALORES S.A,020,SENEBI Contado - Compra,[9179] T4X4 - T4X4 - BONO DEL TESORO NACIONAL EN PESOS AJUSTADO POR CER 4% VENCIMIENTO 14 DE OCTUBRE DE 2024,70380000.0,ARS,SENEBI,ZUMA ADVISORS S.A.
BOL 2023038783,2023038783,2023-11-09,BANCO DE VALORES S.A,020,SENEBI Contado - Venta,[9221] X18E4 - X18E4-LETRA DEL TESORO NACIONAL EN PESOS AJUSTADA POR CER A DESCUENTO CON VENCIMIENTO 18 DE ENERO DE 2024,182560000.0,ARS,SENEBI,ZUMA ADVISORS S.A.
BOL 2023040656,2023040656,2023-11-22,BANCO DE VALORES S.A,020,SENEBI Contado - Venta,[5925] TX26,232600000.0,ARS,SENEBI,ZUMA ADVISORS S.A.
BOL 2023041360,2023041360,2023-11-24,BANCO DE VALORES S.A,020,SENEBI Contado - Compra,[9156] TDF24,113100000.0,ARS,SENEBI,ZUMA ADVISORS S.A.
BOL 2023042960,2023042960,2023-12-01,BANCO DE VALORES S.A,020,SENEBI Contado - Venta,"[5405] T2X4 - T2X4-BONO DEL TESORO NACIONAL EN PESOS AJUSTADO POR CER 1,55% VENCIMIENTO 26 DE JULIO DE 2024",335750000.0,ARS,SENEBI,ZUMA ADVISORS S.A.
BOL 2023043787,2023043787,2023-12-05,BANCO DE VALORES S.A,020,SENEBI Contado - Compra,[9156] TDF24,268200000.0,ARS,SENEBI,ZUMA ADVISORS S.A.
BOL 2024017712,2024017712,2024-03-19,BANCO DE VALORES S.A,020,SENEBI Contado - Venta,[9242] TZX28,266000000.0,ARS,SENEBI,ZUMA ADVISORS S.A.
BOL 2024030203,2024030203,2024-04-25,BANCO DE VALORES S.A,020,SENEBI Contado - Compra,[9180] T2X5,887250000.0,ARS,SENEBI,ZUMA ADVISORS S.A.
BOL 2024032555,2024032555,2024-05-03,BANCO DE VALORES S.A,020,SENEBI Contado - Venta,[9230] TDJ24,542000000.0,ARS,SENEBI,ZUMA ADVISORS S.A.
BOL 2024033788,2024033788,2024-05-08,BANCO DE VALORES S.A,020,SENEBI Contado - Venta,[9201] TDG24,1188600000.0,ARS,SENEBI,ZUMA ADVISORS S.A.
BOL 2024038908,2024038908,2024-05-21,PUENTE,099,SENEBI Contado - Venta,[9244] TZX25,1967760.41,ARS,SENEBI,PUENTE HNOS S.A
BOL 2024061193,2024061193,2024-07-19,PUENTE,099,SENEBI Contado - Compra,[9236] BPOC7,998865000.0,ARS,SENEBI,PUENTE HNOS S.A
BOL 2024064769,2024064769,2024-07-31,PUENTE,099,SENEBI Contado - Compra,[9249] TZXD6,590000000.0,ARS,SENEBI,PUENTE HNOS S.A
BOL 2024068373,2024068373,2024-08-09,PUENTE,099,SENEBI Contado - Venta,[9179] T4X4 - T4X4 - BONO DEL TESORO NACIONAL EN PESOS AJUSTADO POR CER 4% VENCIMIENTO 14 DE OCTUBRE DE 2024,1081100000.0,ARS,SENEBI,PUENTE HNOS S.A
BOL 2024078084,2024078084,2024-09-05,PUENTE,099,SENEBI Contado - Compra,[57459] GA01A,2541999715.3,ARS,SENEBI,PUENTE HNOS S.A
BOL 2024078993,2024078993,2024-09-10,PUENTE,099,SENEBI Contado - Compra,[9247] BPY26,2632500000.0,ARS,SENEBI,PUENTE HNOS S.A
BOL 2024079524,2024079524,2024-09-11,PUENTE,099,SENEBI Contado - Compra,[9247] BPY26,128625.0,USD,SENEBI,PUENTE HNOS S.A
BOL 2024086543,2024086543,2024-10-01,PUENTE,099,SENEBI Contado - Venta,[9288] S18J5 - LT REP ARGENTINA CAP V18/06/25 $ CG,1447200000.0,ARS,SENEBI,PUENTE HNOS S.A
BOL 2024086545,2024086545,2024-10-01,PUENTE,099,SENEBI Contado - Compra,[9255] S29N4,3787500000.0,ARS,SENEBI,PUENTE HNOS S.A
BOL 2024087597,2024087597,2024-10-03,PUENTE,099,SENEBI Contado - Venta,[81092] GD41,1185599.81,USD,SENEBI,PUENTE HNOS S.A
BOL 2024090116,2024090116,2024-10-10,PUENTE,099,SENEBI Contado - Venta,[57459] GA01A,899999.82,USD,SENEBI,PUENTE HNOS S.A
BOL 2024090177,2024090177,2024-10-10,PUENTE,099,SENEBI Contado - Venta,[9288] S18J5 - LT REP ARGENTINA CAP V18/06/25 $ CG,762300000.0,ARS,SENEBI,PUENTE HNOS S.A
BOL 2024096906,2024096906,2024-10-28,PUENTE,099,SENEBI Contado - Compra,[81092] GD41,1965517660.16,ARS,SENEBI,PUENTE HNOS S.A
BOL 2024096907,2024096907,2024-10-28,PUENTE,099,SENEBI Contado - Compra,[81435] PMM29,2329994349.75,ARS,SENEBI,PUENTE HNOS S.A
BOL 2024101274,2024101274,2024-11-07,PUENTE,099,SENEBI Contado - Venta,[81435] PMM29,1999999.68,USD,SENEBI,PUENTE HNOS S.A
BOL 2024102797,2024102797,2024-11-12,PUENTE,099,SENEBI Contado - Venta,[81092] GD41,1829387.64,USD,SENEBI,PUENTE HNOS S.A
BOL 2025049696,2025049696,2025-04-15,PUENTE,099,SENEBI Contado - Venta,[9250] TZXD7,1999890250.0,ARS,SENEBI,PUENTE HNOS S.A
BOL 2025190355,2025190355,2025-11-27,PUENTE,099,SENEBI Contado - Compra,[9235] BPOB7,2485400000.0,ARS,SENEBI,PUENTE HNOS S.A
BOL 2026017300,2026017300,2026-02-02,PUENTE,099,SENEBI Contado - Compra,[56399] YFCDO,475000000.0,ARS,SENEBI,PUENTE HNOS S.A
BOL 2026038724,2026038724,2026-03-12,PUENTE,099,SENEBI Contado - Venta,[9264] TZXM7,920750000.0,ARS,SENEBI,PUENTE HNOS S.A
BOL 2026042690,2026042690,2026-03-18,PUENTE,099,SENEBI Contado - Compra,[9249] TZXD6,2594750000.0,ARS,SENEBI,PUENTE HNOS S.A
BOL 2025058598,2025058598,2025-04-29,BANCO HIPOTECARIO,1432,SENEBI Contado - Venta,[9318] T30J6,1016500000.0,ARS,SENEBI,BANCO HIPOTECARIO S.A
BOL 2023029329,2023029329,2023-08-28,BANCO DE VALORES S.A,020,SENEBI Contado - Venta,[9186] TDA24 - BONO DE LA NACION ARGENTINA EN MONEDA DUAL VENCIMIENTO 30 DE ABRIL DE 2024,402000000.0,ARS,SENEBI,ZUMA ADVISORS S.A.
BOL 2023030363,2023030363,2023-09-06,BANCO DE VALORES S.A,020,SENEBI Contado - Compra,[55286] IRCDO,44956908.5,ARS,SENEBI,ZUMA ADVISORS S.A.
BOL 2023034357,2023034357,2023-10-03,BANCO DE VALORES S.A,020,SENEBI Contado - Compra,"[9178] T3X4 - T3X4 - BONO DEL TESORO NACIONAL EN PESOS AJUSTADO POR CER 3,75% VENCIMIENTO 14 DE ABRIL DE 2024",218400000.0,ARS,SENEBI,ZUMA ADVISORS S.A.
BOL 2023035341,2023035341,2023-10-10,BANCO DE VALORES S.A,020,SENEBI Contado - Compra,[9186] TDA24 - BONO DE LA NACION ARGENTINA EN MONEDA DUAL VENCIMIENTO 30 DE ABRIL DE 2024,231196560.0,ARS,SENEBI,ZUMA ADVISORS S.A.
BOL 2023035403,2023035403,2023-10-11,BANCO DE VALORES S.A,020,SENEBI Contado - Venta,[05493] TX24,61850000.0,ARS,SENEBI,ZUMA ADVISORS S.A.
BOL 2023037639,2023037639,2023-11-01,BANCO DE VALORES S.A,020,SENEBI Contado - Venta,"[5405] T2X4 - T2X4-BONO DEL TESORO NACIONAL EN PESOS AJUSTADO POR CER 1,55% VENCIMIENTO 26 DE JULIO DE 2024",165230000.0,ARS,SENEBI,ZUMA ADVISORS S.A.
BOL 2023037710,2023037710,2023-11-02,BANCO DE VALORES S.A,020,SENEBI Contado - Compra,"[5405] T2X4 - T2X4-BONO DEL TESORO NACIONAL EN PESOS AJUSTADO POR CER 1,55% VENCIMIENTO 26 DE JULIO DE 2024",549000000.0,ARS,SENEBI,ZUMA ADVISORS S.A.
BOL 2023041377,2023041377,2023-11-24,BANCO DE VALORES S.A,020,SENEBI Contado - Compra,[5925] TX26,222694500.0,ARS,SENEBI,ZUMA ADVISORS S.A.
BOL 2023042565,2023042565,2023-11-30,BANCO DE VALORES S.A,020,SENEBI Contado - Compra,[81150] BA37D,64600000.0,ARS,SENEBI,ZUMA ADVISORS S.A.
BOL 2023048027,2023048027,2023-12-21,BANCO DE VALORES S.A,020,SENEBI Contado - Venta,[05493] TX24,183637500.0,ARS,SENEBI,ZUMA ADVISORS S.A.
BOL 2023048437,2023048437,2023-12-26,BANCO DE VALORES S.A,020,SENEBI Contado - Compra,[05493] TX24,1342000000.0,ARS,SENEBI,ZUMA ADVISORS S.A.
BOL 2023048815,2023048815,2023-12-27,BANCO DE VALORES S.A,020,SENEBI Contado - Venta,[9156] TDF24,109875000.0,ARS,SENEBI,ZUMA ADVISORS S.A.
BOL 2023049477,2023049477,2023-12-29,BANCO DE VALORES S.A,020,SENEBI Contado - Compra,[9201] TDG24,198250000.0,ARS,SENEBI,ZUMA ADVISORS S.A.
BOL 2023049525,2023049525,2023-12-29,BANCO DE VALORES S.A,020,SENEBI Contado - Compra,"[5405] T2X4 - T2X4-BONO DEL TESORO NACIONAL EN PESOS AJUSTADO POR CER 1,55% VENCIMIENTO 26 DE JULIO DE 2024",1072000000.0,ARS,SENEBI,ZUMA ADVISORS S.A.
BOL 2024011601,2024011601,2024-02-29,BANCO DE VALORES S.A,020,SENEBI Contado - Venta,[9233] BPO27,1016250000.0,ARS,SENEBI,ZUMA ADVISORS S.A.
BOL 2024017883,2024017883,2024-03-20,BANCO DE VALORES S.A,020,SENEBI Contado - Venta,[9247] BPY26,358085000.0,ARS,SENEBI,ZUMA ADVISORS S.A.
BOL 2024020000,2024020000,2024-03-26,BANCO DE VALORES S.A,020,SENEBI Contado - Compra,[9244] TZX25,329450000.0,ARS,SENEBI,ZUMA ADVISORS S.A.
BOL 2024011595,2024011595,2024-02-28,PARAKEET - ALYC,689,SENEBI Contado - Venta,[5925] TX26,663500000.0,ARS,SENEBI,PARAKEET CAPITAL S.A.
BOL 2024011594,2024011594,2024-02-29,PARAKEET - ALYC,689,SENEBI Contado - Venta,[9233] BPO27,677000000.0,ARS,SENEBI,PARAKEET CAPITAL S.A.
BOL 2024022911,2024022911,2024-04-05,PARAKEET - ALYC,689,SENEBI Contado - Venta,[57433] YMCTO,36050000.0,ARS,SENEBI,PARAKEET CAPITAL S.A.
BOL 2024025684,2024025684,2024-04-17,PARAKEET - ALYC,689,SENEBI Contado - Venta,[56399] YFCDO,222923863.2,ARS,SENEBI,PARAKEET CAPITAL S.A.
BOL 2024071046,2024071046,2024-08-15,PARAKEET - ALYC,689,SENEBI Contado - Compra,[9256] S31M5,885375000.0,ARS,SENEBI,PARAKEET CAPITAL S.A.
BOL 2024075893,2024075893,2024-08-29,PARAKEET - ALYC,689,SENEBI Contado - Venta,[57230] TLCHO,475500000.0,ARS,SENEBI,PARAKEET CAPITAL S.A.
BOL 2024078392,2024078392,2024-09-06,PARAKEET - ALYC,689,SENEBI Contado - Venta,[57800] TLCLO,496980000.0,ARS,SENEBI,PARAKEET CAPITAL S.A.
BOL 2024080923,2024080923,2024-09-16,PARAKEET - ALYC,689,SENEBI Contado - Venta,[57800] TLCLO,249037500.0,ARS,SENEBI,PARAKEET CAPITAL S.A.
BOL 2024100187,2024100187,2024-11-05,PARAKEET - ALYC,689,SENEBI Contado - Venta,[56994] YMCOO,158699446.5,ARS,SENEBI,PARAKEET CAPITAL S.A.
BOL 2024101384,2024101384,2024-11-08,PARAKEET - ALYC,689,SENEBI Contado - Venta,[56108] LUC20 - ON LUZ TRES P 2,289011000.0,ARS,SENEBI,PARAKEET CAPITAL S.A.
BOL 2024101599,2024101599,2024-11-08,PARAKEET - ALYC,689,SENEBI Contado - Venta,[56108] LUC20 - ON LUZ TRES P 2,157788445.56,ARS,SENEBI,PARAKEET CAPITAL S.A.
BOL 2024104663,2024104663,2024-11-13,PARAKEET - ALYC,689,SENEBI Contado - Venta,[9310] T15D5,266562689.91,ARS,SENEBI,PARAKEET CAPITAL S.A.
BOL 2025024930,2025024930,2025-02-28,PARAKEET - ALYC,689,SENEBI Contado - Compra,[57433] YMCTO,234727500.0,ARS,SENEBI,PARAKEET CAPITAL S.A.
BOL 2025193357,2025193357,2025-12-02,PARAKEET - ALYC,689,SENEBI Contado - Venta,[56982] OLC1O,448584659.2,ARS,SENEBI,PARAKEET CAPITAL S.A.
BOL 2025197870,2025197870,2025-12-11,PARAKEET - ALYC,689,SENEBI Contado - Venta,[56982] OLC1O,424062000.0,ARS,SENEBI,PARAKEET CAPITAL S.A.
BOL 2023037717,2023037717,2023-11-02,PUENTE,099,SENEBI Contado - Compra,"[5405] T2X4 - T2X4-BONO DEL TESORO NACIONAL EN PESOS AJUSTADO POR CER 1,55% VENCIMIENTO 26 DE JULIO DE 2024",274500000.0,ARS,SENEBI,PUENTE HNOS S.A
BOL 2023039874,2023039874,2023-11-15,PUENTE,099,SENEBI Contado - Compra,"[5405] T2X4 - T2X4-BONO DEL TESORO NACIONAL EN PESOS AJUSTADO POR CER 1,55% VENCIMIENTO 26 DE JULIO DE 2024",299999998.5,ARS,SENEBI,PUENTE HNOS S.A
BOL 2023045416,2023045416,2023-12-12,PUENTE,099,SENEBI Contado - Compra,[9230] TDJ24,260600000.0,ARS,SENEBI,PUENTE HNOS S.A
BOL 2023048451,2023048451,2023-12-26,PUENTE,099,SENEBI Contado - Venta,[9186] TDA24 - BONO DE LA NACION ARGENTINA EN MONEDA DUAL VENCIMIENTO 30 DE ABRIL DE 2024,56025000.0,ARS,SENEBI,PUENTE HNOS S.A
BOL 2024008960,2024008960,2024-02-19,PUENTE,099,SENEBI Contado - Compra,[5925] TX26,635000000.0,ARS,SENEBI,PUENTE HNOS S.A
BOL 2024011598,2024011598,2024-02-29,PUENTE,099,SENEBI Contado - Venta,[9233] BPO27,1012500000.0,ARS,SENEBI,PUENTE HNOS S.A
BOL 2024011604,2024011604,2024-02-29,PUENTE,099,SENEBI Contado - Venta,[9233] BPO27,1224000000.0,ARS,SENEBI,PUENTE HNOS S.A
BOL 2024012810,2024012810,2024-03-05,PUENTE,099,SENEBI Contado - Venta,[57230] TLCHO,790500000.0,ARS,SENEBI,PUENTE HNOS S.A
BOL 2024017708,2024017708,2024-03-18,PUENTE,099,SENEBI Contado - Venta,[56638] VSCHO,200671930.0,ARS,SENEBI,PUENTE HNOS S.A
BOL 2024025881,2024025881,2024-04-15,PUENTE,099,SENEBI Contado - Compra,[9240] TZX26,103000000.0,ARS,SENEBI,PUENTE HNOS S.A
BOL 2024029220,2024029220,2024-04-25,PUENTE,099,SENEBI Contado - Venta,[5925] TX26,431750000.0,ARS,SENEBI,PUENTE HNOS S.A
BOL 2024037317,2024037317,2024-05-16,PUENTE,099,SENEBI Contado - Venta,[9242] TZX28,111033000.0,ARS,SENEBI,PUENTE HNOS S.A
BOL 2023045516,2023045516,2023-12-13,PARAKEET - ALYC,689,SENEBI Contado - Compra,[9179] T4X4 - T4X4 - BONO DEL TESORO NACIONAL EN PESOS AJUSTADO POR CER 4% VENCIMIENTO 14 DE OCTUBRE DE 2024,292750000.0,ARS,SENEBI,PARAKEET CAPITAL S.A.
BOL 2023045519,2023045519,2023-12-13,PARAKEET - ALYC,689,SENEBI Contado - Compra,[9222] T6X4,504375000.0,ARS,SENEBI,PARAKEET CAPITAL S.A.
BOL 2024011949,2024011949,2024-03-01,PARAKEET - ALYC,689,SENEBI Contado - Compra,[5924] AL41 - BONO REP ARG 41,56850000.0,ARS,SENEBI,PARAKEET CAPITAL S.A.
BOL 2024016211,2024016211,2024-03-14,PARAKEET - ALYC,689,SENEBI Contado - Compra,[57178] AE10O,620385970.86,ARS,SENEBI,PARAKEET CAPITAL S.A.
BOL 2024025581,2024025581,2024-04-12,PARAKEET - ALYC,689,SENEBI Contado - Venta,[9230] TDJ24,514750000.0,ARS,SENEBI,PARAKEET CAPITAL S.A.
BOL 2024025822,2024025822,2024-04-17,PARAKEET - ALYC,689,SENEBI Contado - Venta,[56399] YFCDO,537417619.5,ARS,SENEBI,PARAKEET CAPITAL S.A.
BOL 2024036934,2024036934,2024-05-13,PARAKEET - ALYC,689,SENEBI Contado - Venta,[56659] PQCKO,232788000.0,ARS,SENEBI,PARAKEET CAPITAL S.A.
BOL 2024044056,2024044056,2024-06-04,PARAKEET - ALYC,689,SENEBI Contado - Compra,[56909] CP30O,178024000.0,ARS,SENEBI,PARAKEET CAPITAL S.A.
BOL 2024063105,2024063105,2024-07-26,PARAKEET - ALYC,689,SENEBI Contado - Compra,[55584] VSCBO,1003670000.0,ARS,SENEBI,PARAKEET CAPITAL S.A.
BOL 2024070350,2024070350,2024-08-14,PARAKEET - ALYC,689,SENEBI Contado - Compra,[57878] PNZCO,435280000.0,ARS,SENEBI,PARAKEET CAPITAL S.A.
BOL 2024084066,2024084066,2024-09-24,PARAKEET - ALYC,689,SENEBI Contado - Venta,[9255] S29N4,324792000.0,ARS,SENEBI,PARAKEET CAPITAL S.A.
BOL 2024109633,2024109633,2024-11-26,PARAKEET - ALYC,689,SENEBI Contado - Venta,[56108] LUC20 - ON LUZ TRES P 2,488010000.0,ARS,SENEBI,PARAKEET CAPITAL S.A.
BOL 2024117600,2024117600,2024-12-06,PARAKEET - ALYC,689,SENEBI Contado - Venta,[57037] PQCNO - ON PETROQUIMICA CL. N V16/05/25 U$S CG,78017637.6,ARS,SENEBI,PARAKEET CAPITAL S.A.
BOL 2025010315,2025010315,2025-01-28,PARAKEET - ALYC,689,SENEBI Contado - Compra,[9310] T15D5,683750000.0,ARS,SENEBI,PARAKEET CAPITAL S.A.
BOL 2025171981,2025171981,2025-10-31,PARAKEET - ALYC,689,SENEBI Contado - Venta,[56982] OLC1O,419646000.0,ARS,SENEBI,PARAKEET CAPITAL S.A.
BOL 2023036240,2023036240,2023-10-20,PUENTE,099,SENEBI Contado - Venta,[57200] MSSEO,200103750.0,ARS,SENEBI,PUENTE HNOS S.A
BOL 2023037383,2023037383,2023-10-30,PUENTE,099,SENEBI Contado - Venta,[81150] BA37D,150016500.0,ARS,SENEBI,PUENTE HNOS S.A
BOL 2023037725,2023037725,2023-11-02,PUENTE,099,SENEBI Contado - Venta,[9120] TV24,126585000.0,ARS,SENEBI,PUENTE HNOS S.A
BOL 2023038378,2023038378,2023-11-07,PUENTE,099,SENEBI Contado - Venta,[92902] TSC2O,151570500.0,ARS,SENEBI,PUENTE HNOS S.A
BOL 2023041313,2023041313,2023-11-24,PUENTE,099,SENEBI Contado - Compra,[9120] TV24,269000000.0,ARS,SENEBI,PUENTE HNOS S.A
BOL 2023041456,2023041456,2023-11-27,PUENTE,099,SENEBI Contado - Compra,[5925] TX26,336000000.0,ARS,SENEBI,PUENTE HNOS S.A
BOL 2023041819,2023041819,2023-11-28,PUENTE,099,SENEBI Contado - Compra,"[5405] T2X4 - T2X4-BONO DEL TESORO NACIONAL EN PESOS AJUSTADO POR CER 1,55% VENCIMIENTO 26 DE JULIO DE 2024",200063250.0,ARS,SENEBI,PUENTE HNOS S.A
BOL 2024011596,2024011596,2024-02-27,PUENTE,099,SENEBI Contado - Venta,[9233] BPO27,1051750000.0,ARS,SENEBI,PUENTE HNOS S.A
BOL 2024011597,2024011597,2024-02-27,PUENTE,099,SENEBI Contado - Venta,[5925] TX26,531200000.0,ARS,SENEBI,PUENTE HNOS S.A
BOL 2024011600,2024011600,2024-02-28,PUENTE,099,SENEBI Contado - Venta,[5925] TX26,504260000.0,ARS,SENEBI,PUENTE HNOS S.A
BOL 2024011599,2024011599,2024-02-29,PUENTE,099,SENEBI Contado - Venta,[9240] TZX26,70150000.0,ARS,SENEBI,PUENTE HNOS S.A
BOL 2024012511,2024012511,2024-03-04,PUENTE,099,SENEBI Contado - Venta,[5925] TX26,721592500.0,ARS,SENEBI,PUENTE HNOS S.A
BOL 2024014192,2024014192,2024-03-08,PUENTE,099,SENEBI Contado - Venta,[55584] VSCBO,820000000.0,ARS,SENEBI,PUENTE HNOS S.A
BOL 2024066293,2024066293,2024-08-02,PUENTE,099,SENEBI Contado - Venta,[81092] GD41,1362104.84,USD,SENEBI,PUENTE HNOS S.A
BOL 2024066705,2024066705,2024-08-06,PUENTE,099,SENEBI Contado - Compra,[55584] VSCBO,751229920.0,ARS,SENEBI,PUENTE HNOS S.A
BOL 2024069760,2024069760,2024-08-13,PUENTE,099,SENEBI Contado - Venta,[9179] T4X4 - T4X4 - BONO DEL TESORO NACIONAL EN PESOS AJUSTADO POR CER 4% VENCIMIENTO 14 DE OCTUBRE DE 2024,1351875000.0,ARS,SENEBI,PUENTE HNOS S.A
BOL 2024079466,2024079466,2024-09-11,PUENTE,099,SENEBI Contado - Venta,[81092] GD41,997453.59,USD,SENEBI,PUENTE HNOS S.A
BOL 2024079521,2024079521,2024-09-11,PUENTE,099,SENEBI Contado - Venta,[9236] BPOC7,128622.75,USD,SENEBI,PUENTE HNOS S.A
BOL 2024080928,2024080928,2024-09-16,PUENTE,099,SENEBI Contado - Compra,[9296] S29G5 - LECAP VTO 29AGO25,913500000.0,ARS,SENEBI,PUENTE HNOS S.A
BOL 2024080932,2024080932,2024-09-16,PUENTE,099,SENEBI Contado - Compra,[9299] S16A5 - LETRAS DEL TESORO CAP $ V 16/04/25,1004000000.0,ARS,SENEBI,PUENTE HNOS S.A
BOL 2024082580,2024082580,2024-09-19,PUENTE,099,SENEBI Contado - Compra,[57459] GA01A,1835999375.76,ARS,SENEBI,PUENTE HNOS S.A
BOL 2024086546,2024086546,2024-10-01,PUENTE,099,SENEBI Contado - Venta,[9244] TZX25,789800000.0,ARS,SENEBI,PUENTE HNOS S.A
BOL 2024096909,2024096909,2024-10-28,PUENTE,099,SENEBI Contado - Venta,[81435] PMM29,1999995.15,USD,SENEBI,PUENTE HNOS S.A
BOL 2024097855,2024097855,2024-10-30,PUENTE,099,SENEBI Contado - Venta,[81092] GD41,705544.99,USD,SENEBI,PUENTE HNOS S.A
BOL 2024101275,2024101275,2024-11-07,PUENTE,099,SENEBI Contado - Compra,[81435] PMM29,2337999625.92,ARS,SENEBI,PUENTE HNOS S.A
BOL 2024102775,2024102775,2024-11-12,PUENTE,099,SENEBI Contado - Compra,[81092] GD41,2111113336.56,ARS,SENEBI,PUENTE HNOS S.A
BOL 2024105686,2024105686,2024-11-19,PUENTE,099,SENEBI Contado - Venta,[81092] GD41,1612611.71,USD,SENEBI,PUENTE HNOS S.A
BOL 2024124649,2024124649,2024-12-18,PUENTE,099,SENEBI Contado - Compra,[57138] SNS9O - ON SAN MIGUEL 9,684199020.0,ARS,SENEBI,PUENTE HNOS S.A
BOL 2025015476,2025015476,2025-02-07,PUENTE,099,SENEBI Contado - Compra,[9247] BPY26,1596000000.0,ARS,SENEBI,PUENTE HNOS S.A
BOL 2025015477,2025015477,2025-02-07,PUENTE,099,SENEBI Contado - Venta,[9247] BPY26,1599148180.0,ARS,SENEBI,PUENTE HNOS S.A
BOL 2025016090,2025016090,2025-02-10,PUENTE,099,SENEBI Contado - Venta,[57109] CP31O,184200000.0,ARS,SENEBI,PUENTE HNOS S.A
BOL 2025016424,2025016424,2025-02-11,PUENTE,099,SENEBI Contado - Venta,[9247] BPY26,1597136800.0,ARS,SENEBI,PUENTE HNOS S.A
BOL 2025040494,2025040494,2025-03-31,PUENTE,099,SENEBI Contado - Compra,[9299] S16A5 - LETRAS DEL TESORO CAP $ V 16/04/25,57002000.0,ARS,SENEBI,PUENTE HNOS S.A
BOL 2025040890,2025040890,2025-04-01,PUENTE,099,SENEBI Contado - Venta,[9299] S16A5 - LETRAS DEL TESORO CAP $ V 16/04/25,57042480.0,ARS,SENEBI,PUENTE HNOS S.A
BOL 2025088527,2025088527,2025-06-13,PUENTE,099,SENEBI Contado - Compra,[9327] D16E6,912000000.0,ARS,SENEBI,PUENTE HNOS S.A
BOL 2025192563,2025192563,2025-12-01,PUENTE,099,SENEBI Contado - Compra,[57855] YMCWO,3115200000.0,ARS,SENEBI,PUENTE HNOS S.A
BOL 2025195432,2025195432,2025-12-05,PUENTE,099,SENEBI Contado - Venta,[9249] TZXD6,1124500000.0,ARS,SENEBI,PUENTE HNOS S.A
BOL 2026017012,2026017012,2026-02-02,PUENTE,099,SENEBI Contado - Compra,[56399] YFCDO,475000000.0,ARS,SENEBI,PUENTE HNOS S.A
BOL 2026029293,2026029293,2026-02-26,PUENTE,099,SENEBI Contado - Venta,[42903] PMJ26,1336500000.0,ARS,SENEBI,PUENTE HNOS S.A
BOL 2026029617,2026029617,2026-02-26,PUENTE,099,SENEBI Contado - Venta,[42903] PMJ26,502524000.0,ARS,SENEBI,PUENTE HNOS S.A
BOL 2026042691,2026042691,2026-03-18,PUENTE,099,SENEBI Contado - Venta,[9250] TZXD7,2594499999.91,ARS,SENEBI,PUENTE HNOS S.A
BOL 2023035134,2023035134,2023-10-09,BANCO DE VALORES S.A,020,SENEBI Contado - Compra,"[9178] T3X4 - T3X4 - BONO DEL TESORO NACIONAL EN PESOS AJUSTADO POR CER 3,75% VENCIMIENTO 14 DE ABRIL DE 2024",235650000.0,ARS,SENEBI,ZUMA ADVISORS S.A.
BOL 2023035422,2023035422,2023-10-11,BANCO DE VALORES S.A,020,SENEBI Contado - Compra,"[5405] T2X4 - T2X4-BONO DEL TESORO NACIONAL EN PESOS AJUSTADO POR CER 1,55% VENCIMIENTO 26 DE JULIO DE 2024",61522371.0,ARS,SENEBI,ZUMA ADVISORS S.A.
BOL 2023036232,2023036232,2023-10-20,BANCO DE VALORES S.A,020,SENEBI Contado - Compra,[9186] TDA24 - BONO DE LA NACION ARGENTINA EN MONEDA DUAL VENCIMIENTO 30 DE ABRIL DE 2024,231250000.0,ARS,SENEBI,ZUMA ADVISORS S.A.
BOL 2023036924,2023036924,2023-10-26,BANCO DE VALORES S.A,020,SENEBI Contado - Venta,[05493] TX24,150150000.0,ARS,SENEBI,ZUMA ADVISORS S.A.
BOL 2023037197,2023037197,2023-10-27,BANCO DE VALORES S.A,020,SENEBI Contado - Venta,[05493] TX24,359250000.0,ARS,SENEBI,ZUMA ADVISORS S.A.
BOL 2023043542,2023043542,2023-12-04,BANCO DE VALORES S.A,020,SENEBI Contado - Venta,[9222] T6X4,165000000.0,ARS,SENEBI,ZUMA ADVISORS S.A.
BOL 2023049543,2023049543,2023-12-29,BANCO DE VALORES S.A,020,SENEBI Contado - Venta,[05493] TX24,248000000.0,ARS,SENEBI,ZUMA ADVISORS S.A.
BOL 2024011602,2024011602,2024-02-28,BANCO DE VALORES S.A,020,SENEBI Contado - Venta,[9244] TZX25,627500000.0,ARS,SENEBI,ZUMA ADVISORS S.A.
BOL 2024011603,2024011603,2024-02-28,BANCO DE VALORES S.A,020,SENEBI Contado - Venta,[5925] TX26,1326000000.0,ARS,SENEBI,ZUMA ADVISORS S.A.
BOL 2024014640,2024014640,2024-03-11,BANCO DE VALORES S.A,020,SENEBI Contado - Venta,[55598] MAC4O,1662600000.0,ARS,SENEBI,ZUMA ADVISORS S.A.
BOL 2024017233,2024017233,2024-03-18,BANCO DE VALORES S.A,020,SENEBI Contado - Compra,[9179] T4X4 - T4X4 - BONO DEL TESORO NACIONAL EN PESOS AJUSTADO POR CER 4% VENCIMIENTO 14 DE OCTUBRE DE 2024,918000000.0,ARS,SENEBI,ZUMA ADVISORS S.A.
BOL 2024017624,2024017624,2024-03-19,BANCO DE VALORES S.A,020,SENEBI Contado - Compra,[9240] TZX26,860500000.0,ARS,SENEBI,ZUMA ADVISORS S.A.
BOL 2024017711,2024017711,2024-03-19,BANCO DE VALORES S.A,020,SENEBI Contado - Venta,[9250] TZXD7,761700000.0,ARS,SENEBI,ZUMA ADVISORS S.A.
BOL 2024018179,2024018179,2024-03-20,BANCO DE VALORES S.A,020,SENEBI Contado - Compra,[9237] BPOD7,357500000.0,ARS,SENEBI,ZUMA ADVISORS S.A.
BOL 2024024250,2024024250,2024-04-12,BANCO DE VALORES S.A,020,SENEBI Contado - Venta,[9230] TDJ24,1030000000.0,ARS,SENEBI,ZUMA ADVISORS S.A.
BOL 2024028870,2024028870,2024-04-24,BANCO DE VALORES S.A,020,SENEBI Contado - Compra,[9249] TZXD6,263425000.0,ARS,SENEBI,ZUMA ADVISORS S.A.
BOL 2024029685,2024029685,2024-04-26,BANCO DE VALORES S.A,020,SENEBI Contado - Compra,[55598] MAC4O,521352000.0,ARS,SENEBI,ZUMA ADVISORS S.A.
BOL 2024017706,2024017706,2024-03-18,PUENTE,099,SENEBI Contado - Venta,[56887] VSCJO,235256840.0,ARS,SENEBI,PUENTE HNOS S.A
BOL 2024017641,2024017641,2024-03-19,PUENTE,099,SENEBI Contado - Compra,[9237] BPOD7,692000000.0,ARS,SENEBI,PUENTE HNOS S.A
BOL 2024066235,2024066235,2024-08-05,PUENTE,099,SENEBI Contado - Compra,[55584] VSCBO,504665000.0,ARS,SENEBI,PUENTE HNOS S.A
BOL 2024068266,2024068266,2024-08-09,PUENTE,099,SENEBI Contado - Compra,[81092] GD41,969750387.9,ARS,SENEBI,PUENTE HNOS S.A
BOL 2024069687,2024069687,2024-08-13,PUENTE,099,SENEBI Contado - Compra,[57459] GA01A,2547999538.81,ARS,SENEBI,PUENTE HNOS S.A
BOL 2024078710,2024078710,2024-09-09,PUENTE,099,SENEBI Contado - Venta,[9242] TZX28,495337500.0,ARS,SENEBI,PUENTE HNOS S.A
BOL 2024079035,2024079035,2024-09-10,PUENTE,099,SENEBI Contado - Venta,[9247] BPY26,2634862000.0,ARS,SENEBI,PUENTE HNOS S.A
BOL 2024079464,2024079464,2024-09-11,PUENTE,099,SENEBI Contado - Compra,[9247] BPY26,2642500000.0,ARS,SENEBI,PUENTE HNOS S.A
BOL 2024082581,2024082581,2024-09-19,PUENTE,099,SENEBI Contado - Venta,[57459] GA01A,1499999.49,USD,SENEBI,PUENTE HNOS S.A
BOL 2024087596,2024087596,2024-10-03,PUENTE,099,SENEBI Contado - Compra,[81092] GD41,1453545364.61,ARS,SENEBI,PUENTE HNOS S.A
BOL 2024088129,2024088129,2024-10-03,PUENTE,099,SENEBI Contado - Venta,[9304] S30Y5 - LETRAS DEL TESORO CAP $ V30/05/25,1019000000.0,ARS,SENEBI,PUENTE HNOS S.A
BOL 2024089138,2024089138,2024-10-08,PUENTE,099,SENEBI Contado - Venta,[9304] S30Y5 - LETRAS DEL TESORO CAP $ V30/05/25,1021000000.0,ARS,SENEBI,PUENTE HNOS S.A
BOL 2024091167,2024091167,2024-10-15,PUENTE,099,SENEBI Contado - Compra,[9234] BPOA7,656343324.0,ARS,SENEBI,PUENTE HNOS S.A
BOL 2024096908,2024096908,2024-10-28,PUENTE,099,SENEBI Contado - Venta,[81092] GD41,1694411.78,USD,SENEBI,PUENTE HNOS S.A
BOL 2024099273,2024099273,2024-10-31,PUENTE,099,SENEBI Contado - Compra,[9242] TZX28,427500000.0,ARS,SENEBI,PUENTE HNOS S.A
BOL 2024124648,2024124648,2024-12-18,PUENTE,099,SENEBI Contado - Compra,[57062] CIC5O,419262500.0,ARS,SENEBI,PUENTE HNOS S.A
BOL 2025138896,2025138896,2025-09-18,PUENTE,099,SENEBI Contado - Compra,[81086] GD30,613860.93,USD,SENEBI,PUENTE HNOS S.A
BOL 2025138909,2025138909,2025-09-18,PUENTE,099,SENEBI Contado - Venta,[81086] GD30,934296330.13,ARS,SENEBI,PUENTE HNOS S.A
BOL 2025169664,2025169664,2025-10-28,PUENTE,099,SENEBI Contado - Venta,[9282] TZVD5 - BONO TESORO NACIONAL V15/12/25 U$S CG,1725600000.0,ARS,SENEBI,PUENTE HNOS S.A
BOL 2025192559,2025192559,2025-12-01,PUENTE,099,SENEBI Contado - Compra,[58579] PN40O,2833000000.0,ARS,SENEBI,PUENTE HNOS S.A
BOL 2026024200,2026024200,2026-02-18,PUENTE,099,SENEBI Contado - Venta,[84446] BACGO - O N BANCO MACRO S A 8% VTO.23/06/2029,773375000.0,ARS,SENEBI,PUENTE HNOS S.A
BOL 2026053627,2026053627,2026-04-09,PUENTE,099,SENEBI Contado - Compra,[9250] TZXD7,322693500.0,ARS,SENEBI,PUENTE HNOS S.A
BOL 2025040487,2025040487,2025-03-28,BANCO HIPOTECARIO,1432,SENEBI Contado - Compra,[9304] S30Y5 - LETRAS DEL TESORO CAP $ V30/05/25,1295000000.0,ARS,SENEBI,BANCO HIPOTECARIO S.A
BOL 2025070448,2025070448,2025-05-22,BANCO HIPOTECARIO,1432,SENEBI Contado - Compra,[9240] TZX26,1041950000.0,ARS,SENEBI,BANCO HIPOTECARIO S.A
BOL 2025071303,2025071303,2025-05-23,BANCO HIPOTECARIO,1432,SENEBI Contado - Compra,[9310] T15D5,1156000000.0,ARS,SENEBI,BANCO HIPOTECARIO S.A
BOL 2023030052,2023030052,2023-09-04,BANCO DE VALORES S.A,020,SENEBI Contado - Venta,[9179] T4X4 - T4X4 - BONO DEL TESORO NACIONAL EN PESOS AJUSTADO POR CER 4% VENCIMIENTO 14 DE OCTUBRE DE 2024,1007040000.0,ARS,SENEBI,ZUMA ADVISORS S.A.
BOL 2023035327,2023035327,2023-10-10,BANCO DE VALORES S.A,020,SENEBI Contado - Venta,[9186] TDA24 - BONO DE LA NACION ARGENTINA EN MONEDA DUAL VENCIMIENTO 30 DE ABRIL DE 2024,232400000.0,ARS,SENEBI,ZUMA ADVISORS S.A.
BOL 2023035994,2023035994,2023-10-19,BANCO DE VALORES S.A,020,SENEBI Contado - Venta,[9221] X18E4 - X18E4-LETRA DEL TESORO NACIONAL EN PESOS AJUSTADA POR CER A DESCUENTO CON VENCIMIENTO 18 DE ENERO DE 2024,177900000.0,ARS,SENEBI,ZUMA ADVISORS S.A.
BOL 2023036739,2023036739,2023-10-25,BANCO DE VALORES S.A,020,SENEBI Contado - Venta,[05493] TX24,562600000.0,ARS,SENEBI,ZUMA ADVISORS S.A.
BOL 2023041782,2023041782,2023-11-28,BANCO DE VALORES S.A,020,SENEBI Contado - Compra,"[5405] T2X4 - T2X4-BONO DEL TESORO NACIONAL EN PESOS AJUSTADO POR CER 1,55% VENCIMIENTO 26 DE JULIO DE 2024",157500000.0,ARS,SENEBI,ZUMA ADVISORS S.A.
BOL 2023043458,2023043458,2023-12-04,BANCO DE VALORES S.A,020,SENEBI Contado - Compra,[9156] TDF24,238900000.0,ARS,SENEBI,ZUMA ADVISORS S.A.
BOL 2023045592,2023045592,2023-12-13,BANCO DE VALORES S.A,020,SENEBI Contado - Compra,[9222] T6X4,206000000.0,ARS,SENEBI,ZUMA ADVISORS S.A.
BOL 2023048868,2023048868,2023-12-27,BANCO DE VALORES S.A,020,SENEBI Contado - Compra,[05493] TX24,498000000.0,ARS,SENEBI,ZUMA ADVISORS S.A.
BOL 2024008420,2024008420,2024-02-15,BANCO DE VALORES S.A,020,SENEBI Contado - Venta,[9239] X20Y4,156750000.0,ARS,SENEBI,ZUMA ADVISORS S.A.
BOL 2024020324,2024020324,2024-03-22,BANCO DE VALORES S.A,020,SENEBI Contado - Venta,[5925] TX26,413750000.0,ARS,SENEBI,ZUMA ADVISORS S.A.
BOL 2024025868,2024025868,2024-04-17,BANCO DE VALORES S.A,020,SENEBI Contado - Venta,[9249] TZXD6,193528000.0,ARS,SENEBI,ZUMA ADVISORS S.A.
BOL 2024035090,2024035090,2024-05-10,BANCO DE VALORES S.A,020,SENEBI Contado - Compra,[55598] MAC4O,264187050.0,ARS,SENEBI,ZUMA ADVISORS S.A.
BOL 2024046973,2024046973,2024-06-11,BANCO DE VALORES S.A,020,SENEBI Contado - Compra,[9251] S31E5,1251000000.0,ARS,SENEBI,ZUMA ADVISORS S.A.
BOL 2024053406,2024053406,2024-06-27,BANCO DE VALORES S.A,020,SENEBI Contado - Compra,[9261] S26L4 - LT REP ARGENTINA CAP $ V26/07/24,2745600000.0,ARS,SENEBI,ZUMA ADVISORS S.A.
BOL 2024054556,2024054556,2024-07-02,BANCO DE VALORES S.A,020,SENEBI Contado - Compra,[9250] TZXD7,430312500.0,ARS,SENEBI,ZUMA ADVISORS S.A.
BOL 2024078702,2024078702,2024-09-09,BANCO DE VALORES S.A,020,SENEBI Contado - Compra,[9180] T2X5,388640000.0,ARS,SENEBI,ZUMA ADVISORS S.A.
BOL 2024086036,2024086036,2024-09-30,BANCO DE VALORES S.A,020,SENEBI Contado - Venta,[9251] S31E5,669825000.0,ARS,SENEBI,ZUMA ADVISORS S.A.
BOL 2024090175,2024090175,2024-10-10,BANCO DE VALORES S.A,020,SENEBI Contado - Venta,[9288] S18J5 - LT REP ARGENTINA CAP V18/06/25 $ CG,1219680000.0,ARS,SENEBI,ZUMA ADVISORS S.A.
BOL 2024090181,2024090181,2024-10-10,BANCO DE VALORES S.A,020,SENEBI Contado - Compra,[9298] S14M5 - LETRAS DEL TESORO CAP $ V 14/03/25,733950000.0,ARS,SENEBI,ZUMA ADVISORS S.A.
BOL 2024096995,2024096995,2024-10-28,BANCO DE VALORES S.A,020,SENEBI Contado - Venta,[9293] S11N4 - LECAP VTO 11NOV24,537550000.0,ARS,SENEBI,ZUMA ADVISORS S.A.
BOL 2024107352,2024107352,2024-11-21,BANCO DE VALORES S.A,020,SENEBI Contado - Venta,[9309] T17O5,1208000000.0,ARS,SENEBI,ZUMA ADVISORS S.A.
BOL 2024108647,2024108647,2024-11-22,BANCO DE VALORES S.A,020,SENEBI Contado - Venta,[56908] PNQCO - ON PAN AMERICAN CL.25 V14/03/25 $ CG EF,107600000.0,ARS,SENEBI,ZUMA ADVISORS S.A.
BOL 2024108650,2024108650,2024-11-22,BANCO DE VALORES S.A,020,SENEBI Contado - Venta,[57820] RCCOO - ON ARCOR CL.23 VTO11/06/25 $ CG,1084500000.0,ARS,SENEBI,ZUMA ADVISORS S.A.
BOL 2026054833,2026054833,2026-04-13,SCHRODER,1810,SENEBI Contado - Compra,[9371] X30N6 - LETRA TESORO NACIONAL AJUSTABLE CER A DESCUENTO 30/11/26 $,1547017500.0,ARS,SENEBI,FCI Schroder Patrimonio
BOL 2026054831,2026054831,2026-04-13,TORONTO,229,SENEBI Contado - Venta,[9391] TZXS7 - B. TES. NAC. CERO CUPON AJ. CER 30/09/27,285000000.0,ARS,SENEBI,FCI TORONTO TRUST
BOL 2024037767,2024037767,2024-05-17,BANCO DE VALORES S.A,020,SENEBI Contado - Venta,[57062] CIC5O,835300000.0,ARS,SENEBI,ZUMA ADVISORS S.A.
BOL 2024052024,2024052024,2024-06-26,BANCO DE VALORES S.A,020,SENEBI Contado - Compra,[9250] TZXD7,685200000.0,ARS,SENEBI,ZUMA ADVISORS S.A.
BOL 2024059789,2024059789,2024-07-16,BANCO DE VALORES S.A,020,SENEBI Contado - Venta,[9249] TZXD6,256000000.0,ARS,SENEBI,ZUMA ADVISORS S.A.
BOL 2024068288,2024068288,2024-08-09,BANCO DE VALORES S.A,020,SENEBI Contado - Venta,[54909] PN5CO - ON PAN AMERICA ENRG U$S C5 V03/09/24 EF,938750000.0,ARS,SENEBI,ZUMA ADVISORS S.A.
BOL 2024068304,2024068304,2024-08-09,BANCO DE VALORES S.A,020,SENEBI Contado - Venta,[56398] YFCBO,933000000.0,ARS,SENEBI,ZUMA ADVISORS S.A.
BOL 2024078385,2024078385,2024-09-06,BANCO DE VALORES S.A,020,SENEBI Contado - Venta,[57828] YFCHO,1471500000.0,ARS,SENEBI,ZUMA ADVISORS S.A.
BOL 2024080925,2024080925,2024-09-16,BANCO DE VALORES S.A,020,SENEBI Contado - Compra,[9180] T2X5,888020701.62,ARS,SENEBI,ZUMA ADVISORS S.A.
BOL 2024087115,2024087115,2024-10-02,BANCO DE VALORES S.A,020,SENEBI Contado - Compra,[9248] TZXD5,344025000.0,ARS,SENEBI,ZUMA ADVISORS S.A.
BOL 2024090682,2024090682,2024-10-14,BANCO DE VALORES S.A,020,SENEBI Contado - Venta,[9305] S31L5 - LETRAS DEL TESORO CAP $ V31/07/25,473625000.0,ARS,SENEBI,ZUMA ADVISORS S.A.
BOL 2024091169,2024091169,2024-10-15,BANCO DE VALORES S.A,020,SENEBI Contado - Compra,[9248] TZXD5,385625000.0,ARS,SENEBI,ZUMA ADVISORS S.A.
BOL 2024094483,2024094483,2024-10-23,BANCO DE VALORES S.A,020,SENEBI Contado - Venta,[9263] TZXM5 - BONO TESORO NAC AJ CER V31/03/25 $ CG,632500000.0,ARS,SENEBI,ZUMA ADVISORS S.A.
BOL 2024108645,2024108645,2024-11-22,BANCO DE VALORES S.A,020,SENEBI Contado - Venta,[57919] MIC1O,513250000.0,ARS,SENEBI,ZUMA ADVISORS S.A.
BOL 2024111275,2024111275,2024-11-27,BANCO DE VALORES S.A,020,SENEBI Contado - Compra,[58088] DHS90 - ON CREDICUOTAS CONSUMO 9 V27/09/25,696589274.42,ARS,SENEBI,ZUMA ADVISORS S.A.
BOL 2026054970,2026054970,2026-04-13,COCOS - ALYC,1293,SENEBI Contado - Venta,[9249] TZXD6,1999999998.36,ARS,SENEBI,COCOS CAPITAL S.A.
BOL 2026054868,2026054868,2026-04-13,SCHRODER,964,SENEBI Contado - Compra,[9371] X30N6 - LETRA TESORO NACIONAL AJUSTABLE CER A DESCUENTO 30/11/26 $,1547017500.0,ARS,SENEBI,FCI SCHRODER RENTA PERFORMANCE
BOL 2024035688,2024035688,2024-05-13,BANCO DE VALORES S.A,020,SENEBI Contado - Venta,[9201] TDG24,504500000.0,ARS,SENEBI,ZUMA ADVISORS S.A.
BOL 2024040112,2024040112,2024-05-21,BANCO DE VALORES S.A,020,SENEBI Contado - Compra,[9257] TZXM6,441000000.0,ARS,SENEBI,ZUMA ADVISORS S.A.
BOL 2024043980,2024043980,2024-06-04,BANCO DE VALORES S.A,020,SENEBI Contado - Compra,[9230] TDJ24,1695000000.0,ARS,SENEBI,ZUMA ADVISORS S.A.
BOL 2024044534,2024044534,2024-06-05,BANCO DE VALORES S.A,020,SENEBI Contado - Venta,[9179] T4X4 - T4X4 - BONO DEL TESORO NACIONAL EN PESOS AJUSTADO POR CER 4% VENCIMIENTO 14 DE OCTUBRE DE 2024,512750000.0,ARS,SENEBI,ZUMA ADVISORS S.A.
BOL 2024045312,2024045312,2024-06-05,BANCO DE VALORES S.A,020,SENEBI Contado - Compra,[9257] TZXM6,318202500.0,ARS,SENEBI,ZUMA ADVISORS S.A.
BOL 2024049342,2024049342,2024-06-14,BANCO DE VALORES S.A,020,SENEBI Contado - Venta,[9262] S30G4 - LT REP ARGENTINA CAP $ V30/08/24,417200000.0,ARS,SENEBI,ZUMA ADVISORS S.A.
BOL 2024049928,2024049928,2024-06-18,BANCO DE VALORES S.A,020,SENEBI Contado - Venta,[5925] TX26,431125000.0,ARS,SENEBI,ZUMA ADVISORS S.A.
BOL 2024069757,2024069757,2024-08-13,BANCO DE VALORES S.A,020,SENEBI Contado - Venta,[56398] YFCBO,936100000.0,ARS,SENEBI,ZUMA ADVISORS S.A.
BOL 2024075916,2024075916,2024-08-29,BANCO DE VALORES S.A,020,Licitación - Venta,[58003] IP01A - VD FF SION CONECTA INF PRIV 1 UVAS CG,574179861.32,ARS,SENEBI,ZUMA ADVISORS S.A.
BOL 2024077322,2024077322,2024-09-03,BANCO DE VALORES S.A,020,SENEBI Contado - Venta,[5925] TX26,466750000.0,ARS,SENEBI,ZUMA ADVISORS S.A.
BOL 2024078387,2024078387,2024-09-06,BANCO DE VALORES S.A,020,SENEBI Contado - Venta,[57230] TLCHO,548377500.0,ARS,SENEBI,ZUMA ADVISORS S.A.
BOL 2024080929,2024080929,2024-09-16,BANCO DE VALORES S.A,020,SENEBI Contado - Compra,[9296] S29G5 - LECAP VTO 29AGO25,669214500.0,ARS,SENEBI,ZUMA ADVISORS S.A.
BOL 2024081981,2024081981,2024-09-18,BANCO DE VALORES S.A,020,SENEBI Contado - Venta,[9295] S30J5 - LECAP VTO 30JUN25,1016500000.0,ARS,SENEBI,ZUMA ADVISORS S.A.
BOL 2024083118,2024083118,2024-09-20,BANCO DE VALORES S.A,020,SENEBI Contado - Venta,[9295] S30J5 - LECAP VTO 30JUN25,964440000.0,ARS,SENEBI,ZUMA ADVISORS S.A.
BOL 2024088191,2024088191,2024-10-04,BANCO DE VALORES S.A,020,SENEBI Contado - Compra,[9257] TZXM6,420525000.0,ARS,SENEBI,ZUMA ADVISORS S.A.
BOL 2024090178,2024090178,2024-10-10,BANCO DE VALORES S.A,020,SENEBI Contado - Venta,[9283] S17E5,1172500000.0,ARS,SENEBI,ZUMA ADVISORS S.A.
BOL 2024091828,2024091828,2024-10-16,BANCO DE VALORES S.A,020,SENEBI Contado - Venta,[9244] TZX25,912500000.0,ARS,SENEBI,ZUMA ADVISORS S.A.
BOL 2024103743,2024103743,2024-11-13,BANCO DE VALORES S.A,020,SENEBI Contado - Compra,[57800] TLCLO,958000000.0,ARS,SENEBI,ZUMA ADVISORS S.A.
BOL 2024103747,2024103747,2024-11-13,BANCO DE VALORES S.A,020,SENEBI Contado - Venta,[9246] TZV26,956450000.0,ARS,SENEBI,ZUMA ADVISORS S.A.
BOL 2024103752,2024103752,2024-11-13,BANCO DE VALORES S.A,020,SENEBI Contado - Venta,[57230] TLCHO,190700000.0,ARS,SENEBI,ZUMA ADVISORS S.A.
BOL 2024109556,2024109556,2024-11-25,BANCO DE VALORES S.A,020,SENEBI Contado - Compra,[9297] S14F5 - LETRAS DEL TESORO CAP $ 14/02/25,1123000000.0,ARS,SENEBI,ZUMA ADVISORS S.A.
BOL 2024121688,2024121688,2024-12-13,BANCO DE VALORES S.A,020,SENEBI Contado - Venta,[9283] S17E5,847413967.62,ARS,SENEBI,ZUMA ADVISORS S.A.
BOL 2026054872,2026054872,2026-04-13,SCHRODER,1810,SENEBI Contado - Venta,[9313] TZXO6,1546500000.0,ARS,SENEBI,FCI Schroder Patrimonio
BOL 2024040485,2024040485,2024-05-24,BANCO DE VALORES S.A,020,SENEBI Contado - Compra,[55598] MAC4O,266400000.0,ARS,SENEBI,ZUMA ADVISORS S.A.
BOL 2024041727,2024041727,2024-05-29,BANCO DE VALORES S.A,020,SENEBI Contado - Compra,[9240] TZX26,528750000.0,ARS,SENEBI,ZUMA ADVISORS S.A.
BOL 2024043412,2024043412,2024-06-03,BANCO DE VALORES S.A,020,SENEBI Contado - Compra,[9257] TZXM6,1621500000.0,ARS,SENEBI,ZUMA ADVISORS S.A.
BOL 2024044066,2024044066,2024-06-03,BANCO DE VALORES S.A,020,SENEBI Contado - Venta,[9230] TDJ24,972402000.0,ARS,SENEBI,ZUMA ADVISORS S.A.
BOL 2024066821,2024066821,2024-08-06,BANCO DE VALORES S.A,020,SENEBI Contado - Venta,[54909] PN5CO - ON PAN AMERICA ENRG U$S C5 V03/09/24 EF,937450000.0,ARS,SENEBI,ZUMA ADVISORS S.A.
BOL 2024071043,2024071043,2024-08-15,BANCO DE VALORES S.A,020,SENEBI Contado - Venta,[9180] T2X5,1055000000.0,ARS,SENEBI,ZUMA ADVISORS S.A.
BOL 2024076292,2024076292,2024-08-30,BANCO DE VALORES S.A,020,SENEBI Contado - Venta,[58003] IP01A - VD FF SION CONECTA INF PRIV 1 UVAS CG,22580511220.0,ARS,SENEBI,ZUMA ADVISORS S.A.
BOL 2024092923,2024092923,2024-10-18,BANCO DE VALORES S.A,020,SENEBI Contado - Venta,[9304] S30Y5 - LETRAS DEL TESORO CAP $ V30/05/25,1049500000.0,ARS,SENEBI,ZUMA ADVISORS S.A.
BOL 2024093458,2024093458,2024-10-21,BANCO DE VALORES S.A,020,SENEBI Contado - Venta,[9306] S30S5,274875000.0,ARS,SENEBI,ZUMA ADVISORS S.A.
BOL 2024097609,2024097609,2024-10-29,BANCO DE VALORES S.A,020,SENEBI Contado - Compra,[9250] TZXD7,256400000.0,ARS,SENEBI,ZUMA ADVISORS S.A.
BOL 2024108649,2024108649,2024-11-22,BANCO DE VALORES S.A,020,SENEBI Contado - Venta,[56384] RB56O - ON ROMBO S. 56 $ VTO.19/08/25 C.G.,26720000.0,ARS,SENEBI,ZUMA ADVISORS S.A.
BOL 2026054860,2026054860,2026-04-13,SCHRODER,964,SENEBI Contado - Venta,[9313] TZXO6,1546500000.0,ARS,SENEBI,FCI SCHRODER RENTA PERFORMANCE
BOL 2026056298,2026056298,2026-04-15,LOMBARD,1665,SENEBI Contado - Compra,[9351] S30A6,1960750000.0,ARS,SENEBI,FCI LOMBARD AHORRO PLUS II
BOL 2026056322,2026056322,2026-04-15,LOMBARD,1665,SENEBI Contado - Compra,[9386] S15Y6,2066600000.0,ARS,SENEBI,FCI LOMBARD AHORRO PLUS II
BOL 2026056333,2026056333,2026-04-15,LOMBARD,1665,SENEBI Contado - Compra,[9382] X15Y6 - L. TES. NAC. AJ. CER A DESC. 15/05/26 $,2360725000.0,ARS,SENEBI,FCI LOMBARD AHORRO PLUS II
BOL 2026057345,2026057345,2026-04-16,COMAFI,711,SENEBI Contado - Compra,[9249] TZXD6,688625000.0,ARS,SENEBI,BANCO COMAFI S.A.
BOL 2026057350,2026057350,2026-04-16,MAF,186,SENEBI Contado - Venta,[58847] EN72L - ON PYME SUMATORIA C7 S2 $ V21/08/27 $ CG,41425000.0,ARS,SENEBI,FCI MAF ABIERTO PYMES 
BOL 2026057019,2026057019,2026-04-16,TORONTO,229,SENEBI Contado - Compra,[81092] GD41,420450201.82,ARS,SENEBI,FCI TORONTO TRUST
BOL 2026057375,2026057375,2026-04-16,TORONTO,219,SENEBI Contado - Compra,[9392] TZXS8 - B. TES. NAC. CERO CUPON AJ. CER 29/09/28,861000000.0,ARS,SENEBI,TORONTO TRUST RENTA FIJA
BOL 2026057311,2026057311,2026-04-16,PUENTE,099,SENEBI Contado - Venta,[9242] TZX28,1277600000.0,ARS,SENEBI,PUENTE HNOS S.A
BOL 2026057127,2026057127,2026-04-16,FIRST,1756,SENEBI Contado - Compra,[9320] TTJ26,124000000.0,ARS,SENEBI,FCI First Renta Pesos
BOL 2026057351,2026057351,2026-04-16,IAM,1178,SENEBI Contado - Compra,[58847] EN72L - ON PYME SUMATORIA C7 S2 $ V21/08/27 $ CG,41425000.0,ARS,SENEBI,IAM FCI DINAMICO ABIERTO PYMES
BOL 2026057238,2026057238,2026-04-16,LOMBARD,1665,SENEBI Contado - Compra,[9363] X29Y6,414288000.0,ARS,SENEBI,FCI LOMBARD AHORRO PLUS II
BOL 2026057246,2026057246,2026-04-16,LOMBARD,1665,SENEBI Contado - Compra,[9382] X15Y6 - L. TES. NAC. AJ. CER A DESC. 15/05/26 $,2909058000.0,ARS,SENEBI,FCI LOMBARD AHORRO PLUS II
BOL 2026057008,2026057008,2026-04-16,TORONTO,229,SENEBI Contado - Venta,[81092] GD41,300000.14,USD,SENEBI,FCI TORONTO TRUST
BOL 2026057378,2026057378,2026-04-16,TORONTO,219,SENEBI Contado - Compra,[9240] TZX26,1884750000.0,ARS,SENEBI,TORONTO TRUST RENTA FIJA
BOL 2026057225,2026057225,2026-04-16,IAM,846,SENEBI Contado - Compra,[9371] X30N6 - LETRA TESORO NACIONAL AJUSTABLE CER A DESCUENTO 30/11/26 $,79345000.0,ARS,SENEBI,FCI IAM RENTA BALANCEADA 
BOL 2026057235,2026057235,2026-04-16,LOMBARD,1665,SENEBI Contado - Compra,[9386] S15Y6,3511448500.0,ARS,SENEBI,FCI LOMBARD AHORRO PLUS II
BOL 2026057222,2026057222,2026-04-16,LOMBARD,1665,SENEBI Contado - Compra,[9351] S30A6,2911340000.0,ARS,SENEBI,FCI LOMBARD AHORRO PLUS II
BOL 2026058119,2026058119,2026-04-17,LOMBARD,1665,SENEBI Contado - Venta,[9351] S30A6,456588000.0,ARS,SENEBI,FCI LOMBARD AHORRO PLUS II
BOL 2026058083,2026058083,2026-04-17,TORONTO,219,SENEBI Contado - Compra,[9392] TZXS8 - B. TES. NAC. CERO CUPON AJ. CER 29/09/28,1745000000.0,ARS,SENEBI,TORONTO TRUST RENTA FIJA
BOL 2026057865,2026057865,2026-04-17,MAX,1682,SENEBI Contado - Venta,[9240] TZX26,1966640000.0,ARS,SENEBI,FCI Max Multigestión I
BOL 2026058108,2026058108,2026-04-17,TORONTO,223,SENEBI Contado - Compra,[9392] TZXS8 - B. TES. NAC. CERO CUPON AJ. CER 29/09/28,872500000.0,ARS,SENEBI,FCI TORONTO TRUST RETORNO TOTAL
BOL 2026058068,2026058068,2026-04-17,LOMBARD,1665,SENEBI Contado - Venta,[9382] X15Y6 - L. TES. NAC. AJ. CER A DESC. 15/05/26 $,447006000.0,ARS,SENEBI,FCI LOMBARD AHORRO PLUS II
BOL 2026057899,2026057899,2026-04-17,MAX,473,SENEBI Contado - Compra,[9363] X29Y6,576850000.0,ARS,SENEBI,FCI MAX ESTRATEGICO I
BOL 2026059190,2026059190,2026-04-20,IAM,1178,SENEBI Contado - Compra,[58710] RDS1L - ON PYME RDA RENTING S.5 V11/06/27 $ CG,34934264.48,ARS,SENEBI,IAM FCI DINAMICO ABIERTO PYMES
BOL 2026059169,2026059169,2026-04-20,IAM,1178,SENEBI Contado - Compra,[58186] CA2AP - ON PYME CNV CAIMAN S.2 C.A $ V.30/10/26,19944000.0,ARS,SENEBI,IAM FCI DINAMICO ABIERTO PYMES
BOL 2026059275,2026059275,2026-04-20,IAM,1178,SENEBI Contado - Compra,[57980] AT2BP - ON P AGROTECN SALA S2CB V23/08/26 U$S CG,19525000.0,ARS,SENEBI,IAM FCI DINAMICO ABIERTO PYMES
BOL 2026059285,2026059285,2026-04-20,LOMBARD,1665,SENEBI Contado - Venta,[9382] X15Y6 - L. TES. NAC. AJ. CER A DESC. 15/05/26 $,452412500.0,ARS,SENEBI,FCI LOMBARD AHORRO PLUS II
BOL 2026059152,2026059152,2026-04-20,IAM,1178,SENEBI Contado - Compra,[58669] OR3AP - ON PYME AGRONORTE S.3 A $ V29/05/27 $ CG,19955000.0,ARS,SENEBI,IAM FCI DINAMICO ABIERTO PYMES
BOL 2026059198,2026059198,2026-04-20,IAM,1178,SENEBI Contado - Compra,[57896] ZUS2P - ON PYME ZUAMAR S.2 U$S V.17/07/27 C.G.,48483000.0,ARS,SENEBI,IAM FCI DINAMICO ABIERTO PYMES
BOL 2026058803,2026058803,2026-04-20,SCHRODER,955,SENEBI Contado - Compra,[9249] TZXD6,5566000000.0,ARS,SENEBI,FCI SCHRODERS RENTA PLUS
BOL 2026059196,2026059196,2026-04-20,IAM,1178,SENEBI Contado - Compra,[58745] RZS1L - ON PYME MATIAS RUIZ S. 1 Vto. 30/06/27,64098000.0,ARS,SENEBI,IAM FCI DINAMICO ABIERTO PYMES
BOL 2026059252,2026059252,2026-04-20,IAM,1178,SENEBI Contado - Compra,[58096] ZF2AP - ON PYME ZAFRA S 2 C.A V.04/10/26 $ CG,13045000.0,ARS,SENEBI,IAM FCI DINAMICO ABIERTO PYMES
BOL 2026059281,2026059281,2026-04-20,LOMBARD,1665,SENEBI Contado - Venta,[9351] S30A6,703906500.0,ARS,SENEBI,FCI LOMBARD AHORRO PLUS II
BOL 2026059282,2026059282,2026-04-20,LOMBARD,1665,SENEBI Contado - Venta,[9386] S15Y6,336862500.0,ARS,SENEBI,FCI LOMBARD AHORRO PLUS II
BOL 2026060261,2026060261,2026-04-21,LOMBARD,1665,SENEBI Contado - Venta,[9382] X15Y6 - L. TES. NAC. AJ. CER A DESC. 15/05/26 $,1794525000.0,ARS,SENEBI,FCI LOMBARD AHORRO PLUS II
BOL 2026060258,2026060258,2026-04-21,LOMBARD,1665,SENEBI Contado - Venta,[9351] S30A6,2411290000.0,ARS,SENEBI,FCI LOMBARD AHORRO PLUS II
BOL 2026060262,2026060262,2026-04-21,LOMBARD,1665,SENEBI Contado - Venta,[9386] S15Y6,1800583000.0,ARS,SENEBI,FCI LOMBARD AHORRO PLUS II
BOL 2026061388,2026061388,2026-04-22,LOMBARD,1665,SENEBI Contado - Venta,[9386] S15Y6,2386480000.0,ARS,SENEBI,FCI LOMBARD AHORRO PLUS II
BOL 2026061390,2026061390,2026-04-22,LOMBARD,1665,SENEBI Contado - Venta,[9351] S30A6,1079415000.0,ARS,SENEBI,FCI LOMBARD AHORRO PLUS II
BOL 2026061391,2026061391,2026-04-22,LOMBARD,1665,SENEBI Contado - Venta,[9382] X15Y6 - L. TES. NAC. AJ. CER A DESC. 15/05/26 $,2770820000.0,ARS,SENEBI,FCI LOMBARD AHORRO PLUS II
BOL 2026061130,2026061130,2026-04-22,TORONTO,229,SENEBI Contado - Venta,[9392] TZXS8 - B. TES. NAC. CERO CUPON AJ. CER 29/09/28,346400000.0,ARS,SENEBI,FCI TORONTO TRUST
BOL 2026061153,2026061153,2026-04-22,TORONTO,223,SENEBI Contado - Venta,[9392] TZXS8 - B. TES. NAC. CERO CUPON AJ. CER 29/09/28,433000000.0,ARS,SENEBI,FCI TORONTO TRUST RETORNO TOTAL
BOL 2026062809,2026062809,2026-04-23,PUENTE,99,SENEBI Contado - Venta,[84893] SFD34 - TITULO DE DEUDA DE GOV. PROV SANTA FE  8.1% 11/12/34,599668500.0,ARS,SENEBI,PUENTE HNOS S.A
BOL 2026064889,2026064889,2026-04-27,ONE618,420,SENEBI Contado - Venta,[9313] TZXO6,3658387500.0,ARS,SENEBI,FCI ST GLOBAL 
BOL 2026065164,2026065164,2026-04-27,SCHRODER,954,SENEBI Contado - Venta,[5925] TX26,135050000.0,ARS,SENEBI,SCHRODER RENTA FIJA
BOL 2026064891,2026064891,2026-04-27,ONE618,420,SENEBI Contado - Compra,[5925] TX26,3661210000.0,ARS,SENEBI,FCI ST GLOBAL 
BOL 2026065517,2026065517,2026-04-28,ALLARIA - ALYC,453,SENEBI Contado - Venta,[81088] GD35,1646340875.0,ARS,SENEBI,ALLARIA S.A. ALYC
BOL 2026065518,2026065518,2026-04-28,ALLARIA - ALYC,453,SENEBI Contado - Venta,[5921] AL30,385059270.1,ARS,SENEBI,ALLARIA S.A. ALYC
BOL 2026065636,2026065636,2026-04-28,IAM,1178,SENEBI Contado - Compra,[58779] EP4AP - ON PYME TRESNAL S.4 CL.A V14/07/27 $ CG,72914335.17,ARS,SENEBI,IAM FCI DINAMICO ABIERTO PYMES
BOL 2026065520,2026065520,2026-04-28,ALLARIA - ALYC,453,SENEBI Contado - Compra,[81088] GD35,1134625.0,USD,SENEBI,ALLARIA S.A. ALYC
BOL 2026065519,2026065519,2026-04-28,ALLARIA - ALYC,453,SENEBI Contado - Compra,[5921] AL30,265375.1,USD,SENEBI,ALLARIA S.A. ALYC
BOL 2026065635,2026065635,2026-04-28,MAF,186,SENEBI Contado - Venta,[58779] EP4AP - ON PYME TRESNAL S.4 CL.A V14/07/27 $ CG,72914335.17,ARS,SENEBI,FCI MAF ABIERTO PYMES 
BOL 2026068076,2026068076,2026-04-29,PUENTE,99,SENEBI Contado - Compra,[9250] TZXD7,753900000.0,ARS,SENEBI,PUENTE HNOS S.A
BOL 2026067749,2026067749,2026-04-29,FIRST,1759,SENEBI Contado - Compra,[9382] X15Y6 - L. TES. NAC. AJ. CER A DESC. 15/05/26 $,320850000.0,ARS,SENEBI,FCI First Renta Mixta I
BOL 2026067973,2026067973,2026-04-29,PUENTE,99,SENEBI Contado - Venta,[5925] TX26,1724405760.0,ARS,SENEBI,PUENTE HNOS S.A
BOL 2026068140,2026068140,2026-04-29,TORONTO,221,SENEBI Contado - Venta,[56948] CS42O,618129542.35,ARS,SENEBI,FCI TORONTO TRUST RENTA FIJA PLUS
BOL 2026069473,2026069473,2026-04-30,PUENTE,99,SENEBI Contado - Compra,[5925] TX26,1446137100.0,ARS,SENEBI,PUENTE HNOS S.A
BOL 2026069150,2026069150,2026-04-30,PUENTE,99,SENEBI Contado - Compra,[5925] TX26,283080000.0,ARS,SENEBI,PUENTE HNOS S.A
BOL 2026069479,2026069479,2026-04-30,SCHRODER,955,SENEBI Contado - Venta,[9313] TZXO6,2345250000.0,ARS,SENEBI,FCI SCHRODERS RENTA PLUS
BOL 2026073136,2026073136,2026-05-06,BULL MARKET - ALYC,849,SENEBI Contado - Venta,[85233] PUA36 - BONO  MUNI PROVINCIA DE CHUBUT 9.45 % VTO. 29/04/36,104710.0,USD,SENEBI,BULL MARKET BROKERS SA
BOL 2026075177,2026075177,2026-05-11,COMAFI,711,SENEBI Contado - Venta,[9250] TZXD7,4589100000.0,ARS,SENEBI,BANCO COMAFI S.A.
BOL 2026075176,2026075176,2026-05-11,COMAFI,711,SENEBI Contado - Compra,[9250] TZXD7,4591296000.0,ARS,SENEBI,BANCO COMAFI S.A.
BOL 2026083532,2026083532,2026-05-22,BANCO HIPOTECARIO,1432,SENEBI Contado - Venta,[58885] DHSGO,545300000.0,ARS,SENEBI,BANCO HIPOTECARIO S.A
BOL 2026088200,2026088200,2026-06-01,BANCO HIPOTECARIO,1432,SENEBI Contado - Compra,[9399] TZXM9 - BONO TESORO NACIONAL CERO CUPON AJUSTABLE CER 28/03/29 $,3003280000.0,ARS,SENEBI,BANCO HIPOTECARIO S.A
BOL 2026086127,2026086127,2026-05-28,SCHRODER,1810,SENEBI Contado - Compra,[9391] TZXS7 - B. TES. NAC. CERO CUPON AJ. CER 30/09/27,999000000.0,ARS,SENEBI,FCI Schroder Patrimonio
BOL 2026087336,2026087336,2026-05-29,TORONTO,223,SENEBI Contado - Compra,[9242] TZX28,500625000.0,ARS,SENEBI,FCI TORONTO TRUST RETORNO TOTAL
BOL 2026084349,2026084349,2026-05-26,SCHRODER,955,SENEBI Contado - Venta,[9404] TXMJ9 - BONO TESORO NACIONAL TASA DUAL CER/TAMAR 29/06/29 $,1734000000.0,ARS,SENEBI,SCHRODER RENTA PLUS
BOL 2026085207,2026085207,2026-05-26,IEB,1931,SENEBI Contado - Venta,[5925] TX26,59914773.28,ARS,SENEBI,FCI IEB Ahorro
BOL 2026085222,2026085222,2026-05-27,IEB,1931,SENEBI Contado - Venta,[9250] TZXD7,1040000000.0,ARS,SENEBI,FCI IEB Ahorro
BOL 2026085229,2026085229,2026-05-27,IEB,1931,SENEBI Contado - Venta,[9240] TZX26,414216946.82,ARS,SENEBI,FCI IEB Ahorro
BOL 2026085217,2026085217,2026-05-27,TORONTO,223,SENEBI Contado - Compra,[9249] TZXD6,853800000.0,ARS,SENEBI,FCI TORONTO TRUST RETORNO TOTAL
BOL 2026087204,2026087204,2026-05-29,TORONTO,223,SENEBI Contado - Venta,[9391] TZXS7 - B. TES. NAC. CERO CUPON AJ. CER 30/09/27,1503500000.0,ARS,SENEBI,FCI TORONTO TRUST RETORNO TOTAL
BOL 2026085231,2026085231,2026-05-27,IEB,1931,SENEBI Contado - Venta,[5925] TX26,947185542.58,ARS,SENEBI,FCI IEB Ahorro
BOL 2026086134,2026086134,2026-05-28,IEB,1931,SENEBI Contado - Venta,[9318] T30J6,2001181967.67,ARS,SENEBI,FCI IEB Ahorro
BOL 2026083949,2026083949,2026-05-26,DRACMA,1916,Opciones Agropecuarios - Venta,[MAI.ROS/DIC26 200 C],400.0,USD,Opciones,FCI DXA Multicobertura
BOL 2026083950,2026083950,2026-05-26,DRACMA,1916,Futuros Agropecuarios - Compra,[MAI.ROS/DIC26],0,USD,Futuros,FCI DXA Multicobertura
BOL 2026087216,2026087216,2026-05-29,DRACMA,1916,SENEBI Contado - Compra,[9400] S14G6 - LETRA TESORO NACIONAL CAPITALIZABLE 14/08/26 $,41340000.0,ARS,SENEBI,FCI DXA Multicobertura
BOL 2026087203,2026087203,2026-05-29,SCHRODER,1810,SENEBI Contado - Compra,[9391] TZXS7 - B. TES. NAC. CERO CUPON AJ. CER 30/09/27,5017000000.0,ARS,SENEBI,FCI Schroder Patrimonio
BOL 2026087202,2026087202,2026-05-29,SCHRODER,945,SENEBI Contado - Compra,[9391] TZXS7 - B. TES. NAC. CERO CUPON AJ. CER 30/09/27,1003000000.0,ARS,SENEBI,SCHRODER ARGENTINA
BOL 2026085232,2026085232,2026-05-27,SCHRODER,955,SENEBI Contado - Venta,[9404] TXMJ9 - BONO TESORO NACIONAL TASA DUAL CER/TAMAR 29/06/29 $,868500000.0,ARS,SENEBI,SCHRODER RENTA PLUS
BOL 2026087335,2026087335,2026-05-29,SCHRODER,955,SENEBI Contado - Venta,[9387] S30S6 - LETRA TESORO NACIONAL CAPITALIZABLE 30/09/26 $,5447500000.0,ARS,SENEBI,SCHRODER RENTA PLUS
BOL 2026085206,2026085206,2026-05-26,IEB,1931,SENEBI Contado - Venta,[9318] T30J6,1000704720.28,ARS,SENEBI,FCI IEB Ahorro
BOL 2026088229,2026088229,2026-05-29,SCHRODER,954,SENEBI Contado - Compra,[9391] TZXS7 - B. TES. NAC. CERO CUPON AJ. CER 30/09/27,1003000000.0,ARS,SENEBI,SCHRODER RENTA FIJA
BOL 2026087209,2026087209,2026-05-29,ONE618,1711,SENEBI Contado - Compra,[9410] D31M7 - LETRA TESORO NACIONAL VINC. USD CERO CUPON 31/03/27 USD,814800000.0,ARS,SENEBI,FCI Consultatio Renta Fija Argentina
BOL 2026085215,2026085215,2026-05-27,TORONTO,223,SENEBI Contado - Venta,[9371] X30N6 - LETRA TESORO NACIONAL AJUSTABLE CER A DESCUENTO 30/11/26 $,1171500000.0,ARS,SENEBI,FCI TORONTO TRUST RETORNO TOTAL
BOL 2026088200,2026088200,2026-06-01,BANCO HIPOTECARIO,1432,SENEBI Contado - Compra,[9399] TZXM9 - BONO TESORO NACIONAL CERO CUPON AJUSTABLE CER 28/03/29 $,3003280000.0,ARS,SENEBI,BANCO HIPOTECARIO S.A
BOL 2026087212,2026087212,2026-05-29,ONE618,1060,SENEBI Contado - Venta,[9410] D31M7 - LETRA TESORO NACIONAL VINC. USD CERO CUPON 31/03/27 USD,400691480.0,ARS,SENEBI,FCI CONSULTATIO BALANCE FUND
BOL 2026087210,2026087210,2026-05-29,IEB,1931,SENEBI Contado - Venta,[9410] D31M7 - LETRA TESORO NACIONAL VINC. USD CERO CUPON 31/03/27 USD,2003518510.0,ARS,SENEBI,FCI IEB Ahorro
