fecha,trader,activo,vn_compra,px_compra,monto_compra,vn_venta,px_venta,monto_venta,resultado,cliente,observacion
2026-07-01,Javier,TZXD6,2122731201,288.91000000000003,6132825167.4300003,2122731201,289.25,6139999998.8900003,7174831.46,La Segunda,Mesa
2026-07-01,Valentina,tx26,90000000,705.4,634860000,90000000,705.6,635040000,180000,SBS,Mesa
2026-07-01,Javier,TXMD9,6875375375,83.1,5713230675.3599997,6875375375,83.25,5723749999.6899996,10519324.32,La Segunda,Mesa
2026-07-01,Javier,TXMD9,3000000000,83.1,2492910000,3000000000,83,2490000000,-2910000,Schroder,Mesa
2026-07-01,Valentina,tzxd6,117409471,288.7,338961142.77999997,117409471,288.8,339078552.25,117409.47,Cartera Propia,Mesa
2026-07-01,Valentina,Dolar mep,146420,1521,222704820,146420,1526,223436920,732100,AL2,Mesa
2026-07-01,Compartido,tzxs8,339078553,91.9,311613190.20999998,339078553,92.05,312121808.04000002,508617.83,Cartera Propia,Mesa
2026-07-01,Javier,tzxs8,1050200362,91.9,965134132.67999995,1050200362,91.96,965732746.88,598614.21,Avalian,Mesa
2026-07-01,Javier,tzxs7,1835124137,102.09,1873421342.6199999,1835124137,102.2,1875496868.01,2075525.4,Avalian,Mesa
2026-07-01,Javier,Pase OPS,,,,,,,700000,Toronto,Mesa
2026-07-02,Compartido,TZXS8,651522901,91.95,599088337.92999995,651522901,92,599401068.91999996,312730.99,Cartera Propia,Mesa
2026-07-02,Compartido,TXMJ0,2000000000,80.25,1605040000,2000000000,80.31,1606260000,1220000,Cartera Propia,Mesa
2026-07-02,Valentina,TX26,100000000,705.5,705500000,100000000,705.6,705600000,100000,SBS,Mesa
2026-07-02,Valentina,x31l6,300000000,116.06,348165000,300000000,116.08,348240000,75000,Max,Mesa
2026-07-02,Valentina,txmj9,614000000,89.55,549837000,614000000,89.6,550144000,307000,Bavsa,Mesa
2026-07-03,Compartido,TTS26,950000000,162.53,1544035000,950000000,162.55000000000001,1544225000,190000,Cartera Propia,Mesa
2026-07-03,Javier,CP39O,150000,150360.48000000001,225540720,150000,150674.17000000001,226011255,470535,Toronto,Alejandro
2026-07-03,Javier,PR17,70000000,722,505400000,70000000,723,506100000,700000,La Segunda,Mesa
2026-07-03,Valentina,x31l6,300000000,116.22,348660000,300000000,116.25,348759000,99000,Bavsa,Mesa
2026-07-03,Valentina,txmj0,500000000,80.75,403750000,500000000,80.849999999999994,404250000,500000,Max,Mesa
2026-07-03,Valentina,TTS26,300000000,162.55000000000001,487650000,300000000,162.6,487800000,150000,Cartera Propia,Mesa
2026-07-03,Valentina,TZXS8,1500000000,92.56,1388460000,1500000000,92.7,1390500000,2040000,La Segunda,Mesa
2026-07-03,Valentina,s17l6,255000000,107.24,273451800,255000000,107.25,273487500,35700,First,Mesa
2026-07-03,Valentina,tzxo6,300000000,164.7,494100000,300000000,164.75,494250000,150000,SBS,Mesa
2026-07-03,Valentina,txmd9,250000000,83.84,209597500,250000000,83.79,209475000,-122500,Max,Mesa
2026-07-03,Javier,TZXS8,1000000000,92.56,925640000,1000000000,92.65,926500000,860000,La Segunda,Mesa
2026-07-03,Compartido,s13n6,500000000,101.02,505120000,500000000,101.22,506105000,985000,Cartera Propia,Mesa
2026-07-03,Javier,D30S6,59742,147000,87820740,59742,147300,87999966,179226,Cooperativas,Juan
2026-07-03,Javier,D30S6,65100,147000,95697000,65100,147300,95892300,195300,Cooperativas,Bautista
2026-07-03,Javier,TZXS8,5970912631,92.56,5526915567.7600002,5970912631,92.62,5530259278.8299999,3343711.07,La Segunda,Mesa
2026-07-06,Valentina,Dolar mep,41987,1520,63820042.399999999,41987,1525,64029976.75,209934.35,AL2,Mesa
2026-07-06,Compartido,TZXS8,1255842865,92.61,1163073752.5599999,1255842865,92.7,1164166335.8599999,1092583.29,Cartera Propia,Mesa
2026-07-06,Javier,D30S6,679347,146950,998300416.5,679347,147200,999998784,1698367.5,Cooperativas,Bautista
2026-07-06,Valentina,txmd9,2000000000,84.1,1682000000,2000000000,84.2,1684000000,2000000,Schroder,Mesa
2026-07-06,Javier,D30S6,135000,146700,198045000,135000,147000,198450000,405000,Cooperativas,Bautista
2026-07-06,Compartido,TXMJ9,550000000,90.1,495550000,550000000,90.14,495770000,220000,Bavsa,Mesa
2026-07-06,Valentina,tzxs7,463354395,102.85,476559995.25999999,463354395,103,477255026.85000002,695031.59,ACABIO,Mesa
2026-07-06,Valentina,tzxd7,177489756,268.35000000000002,476293760.23000002,177489756,268.5,476559994.86000001,266234.63,ACABIO,Mesa
2026-07-06,Valentina,tzxs8,244157135,92.84,226685250.41999999,244157135,92.7,226333664.15000001,-351586.27,Cartera Propia,Mesa
2026-07-07,Valentina,D31L6,4000000,147710,5908400000,4000000,147740,5909600000,1200000,Max,Mesa
2026-07-07,Javier,TZXD6,328076525,290.3,952406152.08000004,328076525,290.39999999999998,952734228.60000002,328076.52,La Segunda,Mesa
2026-07-07,Valentina,s15s6,700000000,102.85,719950000,700000000,102.9,720265000,315000,Lombard,Mesa
2026-07-07,Valentina,s30s6,650000000,111.74,726310000,650000000,111.76,726407500,97500,Lombard,Mesa
2026-07-07,Compartido,TXMJ9,41793016,90.15,37677239.780000001,41793016,90.2,37697300.43,20060.650000000001,Cartera Propia,Mesa
2026-07-08,Compartido,AN29,1000000,145100,1451000000,1000000,145700,1457000000,6000000,Cartera Propia,Mesa
2026-07-08,Javier,PNRCO,250000,140429.82999999999,351074575,250000,141861,354652500,3577925,Cooperativas,Bautista
2026-07-08,Javier,TZV28,272362,128100,348895722,272362,128900,351074618,2178896,Cooperativas,Bautista
2026-07-08,Valentina,Dolar mep,11000,1525,16775000,11000,1530,16830000,55000,AL2,Mesa
2026-07-08,Valentina,s13n6,1000000000,101.7,1017000000,1000000000,101.71,1017100000,100000,Max,Mesa
2026-07-08,Valentina,txmj9,57289238,90.43,51804366.350000001,57289238,90.59,51900039.380000003,95673.03,Cartera Propia,Mesa
2026-07-08,Valentina,s13n6,600000000,105.95,635700000,600000000,105.95,635718000,18000,ConoSur,Mesa
2026-07-08,Valentina,tzxd7,200000000,269.2,538400000,200000000,269.25,538500000,100000,SBS,Mesa
2026-07-08,Javier,CACAO,300000,143000,429000000,300000,143400,430200000,1200000,Cooperativas,Bautista
2026-07-08,Valentina,Dolar mep,5808,1523,8845584,5808,1530,8886240,40656,AL2,Mesa
2026-07-08,Javier,D30S6,152000,147500,224200000,152000,147700,224504000,304000,Cooperativas,Bautista
2026-07-13,Mariano,D30S6,135800,147100,199761800,135800,147200,199897600,135800,Dracma,Mesa
2026-07-13,Javier,BPOD7,342274,154710,529532105.39999998,342274,154910,530216653.39999998,684548,Productores,Juan Pablo
2026-07-13,Javier,BPOD7,342274,154810,529874379.39999998,342274,154710,529532105.39999998,-342274,Cartera Propia,Mesa
2026-07-13,Javier,D30S6,195000,147000,286650000,195000,147500,287625000,975000,Cooperativas,Bautista
2026-07-13,Mariano,D31L6,3000000,147550,4426500000,3000000,147600,4428000000,1500000,Max,Mesa
2026-07-13,Mariano,tzxd7,200000000,268.39999999999998,536800000,200000000,268.45,536900000,100000,SBS,Mesa
2026-07-13,Compartido,Dolar mep,5500000,1520.92,8365060000,5500000,1523,8376500000,11440000,ACA,Mesa
2026-07-13,Javier,D30S6,724332,146800,1063319376,724332,147100,1065492372,2172996,Cooperativas,Bautista
2026-07-13,Mariano,S13N6,2200000000,101.58,2234650000,2200000000,101.54,2233880000,-770000,ConoSur,Mesa
2026-07-13,Mariano,S13N6,1000000000,101.76,1017600000,1000000000,101.58,1015800000,-1800000,Cartera Propia,Mesa
2026-07-13,Mariano,S15S6,2601580497,101.1,2630197882.4699998,2601580497,101.11,2630406008.9099998,208126.44,ConoSur,Mesa
2026-07-13,Valentina,Dolar mep,75105,1518.34,114034576.48,75105,1524,114459669.48,425093,AL2,Mesa
2026-07-13,Valentina,tzxo6,744280183,165.61,1232565197.0599999,744280183,165.65,1232900123.1400001,334926.08000000002,Industrial,Mesa
2026-07-14,Mariano,tzxd7,475000000,268.39999999999998,1274900000,475000000,268.45,1275137500,237500,Industrial,Mesa
2026-07-14,Compartido,Dolar mep,5500000,1520.92,8365060000,5500000,1523,8376500000,11440000,ACA,Mesa
2026-07-14,Compartido,s13n6,3000000000,101.61,3048240000,3000000000,101.63,3048900000,660000,Schroder,Mesa
2026-07-14,Compartido,X31L6,216000000,116.47,251575200,216000000,116.75,252180000,604800,Schroder,Mesa
2026-07-14,Compartido,txmj9,1394968980,90.56,1263214159.8399999,1394968980,90.67,1264846273.55,1632113.71,Cartera Propia,Mesa
2026-07-14,Compartido,Dolar mep,244000,1512.25,368989000,244000,1515,369660000,671000,ACA,Mesa
2026-07-14,Javier,D31L6,2100000,146590.48000000001,3078399996,2100000,146700,3080700000,2300004,ACA,Mesa
2026-07-14,Javier,D31G6,2000000,146200,2924000000,2000000,146400,2928000000,4000000,ACA,Mesa
2026-07-14,Javier,tts26,320000000,163.15,522080000,320000000,163.25,522400000,320000,ACABIO,Mesa
2026-07-14,Javier,TZXO6,550000000,165.5,910250000,550000000,165.65,911075000,825000,ACABIO,Mesa
2026-07-14,Mariano,s13n6,511800000,101.62,520091160,511800000,101.6,520009272,-81888,Cartera Propia,Mesa
2026-07-14,Mariano,s15s6,2178419503,103.17,2247366480.27,2178419503,103.16,2247235775.0999999,-130705.17,Cartera Propia,Mesa
2026-07-14,Valentina,Dolar mep,42444,1500,63666000,42444,1510,64090440,424440,Cooperativas,Bautista
2026-07-15,Compartido,Dolar mep,500000,1513,756500000,500000,1517,758500000,2000000,ACA,Mesa
2026-07-15,Compartido,TXMJ9,1500000000,90.55,1358250000,1500000000,90.7,1360500000,2250000,Cartera Propia,Mesa
2026-07-15,Compartido,Dolar mep,2500000,1513.85,3784625000,2500000,1515.85,3789625000,5000000,ACA,Mesa
2026-07-15,Mariano,cacao,145347,141409.57,205534567.71000001,145347,142091,206525005.77000001,990438.06,Cooperativas,Bautista
2026-07-15,Mariano,s15s6,630000000,103.25,650475000,630000000,103.3,650783700,308700,Max,Mesa
2026-07-15,Mariano,s15s6,1000000000,103.23,1032299342.47,1000000000,103.3,1032990000,690657.53,Cartera Propia,Mesa
2026-07-16,Compartido,Dolar mep,2500000,1513.85,3784625000,2500000,1515.85,3789625000,5000000,ACA,Mesa
2026-07-16,Valentina,s13n6,850000000,101.72,864628500,850000000,101.77,865045000,416500,Lombard,Mesa
2026-07-16,Compartido,txmd9,331500133,84.92,281519857.94999999,331500133,85,281775113.05000001,255255.1,Cartera Propia,Mesa
2026-07-16,Compartido,Dolar mep,2500000,1513.7,3784250000,2500000,1515.85,3789625000,5375000,ACA,Mesa
2026-07-16,Valentina,txmj9,300000000,90.6,271800000,300000000,90.65,271950000,150000,Bavsa,Mesa
2026-07-16,Mariano,tts26,500000000,163.5,817500000,500000000,163.55000000000001,817750000,250000,Max,Mesa
2026-07-17,Compartido,Dolar mep,1930000,1513.7,2921441000,1930000,1515.85,2925590500,4149500,ACA,Mesa
2026-07-17,Compartido,t30a7,589747234,131.5,775517612.71000004,589747234,131.6,776107359.94000006,589747.23,La Segunda,Mesa
2026-07-17,Valentina,Dolar mep,86121,1515.25,130494087.63,86121,1520.25,130924690.13,430602.5,AL2,Mesa
2026-07-17,Valentina,Dolar mep,31821,1515.5,48224725.5,31821,1530,48686130,461404.5,Productores,Juan Pablo
2026-07-17,Compartido,tzxd7,1000000000,268.5,2685000000,1000000000,268.7,2687000000,2000000,La Segunda,Mesa
2026-07-17,Compartido,tzxd6,1434455961,292,4188611406.1199999,1434455961,292.36,4193818481.2600002,5207075.1399999997,La Segunda,Mesa
2026-07-17,Compartido,TTD26,1070000000,163.30000000000001,1747310000,1070000000,163.49,1749289500,1979500,Argenfund,Mesa
2026-07-17,Mariano,s14g6,1000000000,106.28,1062800000,1000000000,106.3,1063000000,200000,SBS,Mesa
2026-07-17,Mariano,s13n6,5000000000,102,5100000000,5000000000,102.04,5101850000,1850000,Max,Mesa
2026-07-17,Compartido,tzxo7,2000000000,93.65,1873000000,2000000000,93.7,1874000000,1000000,Balanz,Mesa
2026-07-17,Mariano,s14g6,375586854,106.44,399774647.39999998,375586854,106.5,399999999.50999999,225352.11,Cooperativas,Justo
2026-07-17,Compartido,tzxo6,923109293,166,1532361426.3800001,923109293,166.19,1534115334.04,1753907.66,La Segunda,Mesa
2026-07-17,Compartido,tzxo6,282621768,166,469152134.88,282621768,166.19,469689116.24000001,536981.36,La Segunda,Mesa
2026-07-17,Compartido,tzxo6,282621768,166.19,469689116.24000001,282621768,166.3,470000000.18000001,310883.94,Productores,Alejandro
2026-07-17,Compartido,tzxd7,2074492816,268.5,5570013210.96,2074492816,268.7,5574162196.5900002,4148985.63,La Segunda,Mesa
2026-07-17,Compartido,tzxd7,500000000,268.5,1342500000,500000000,268.55,1342750000,250000,La Segunda,Mesa
2026-07-17,Compartido,tzxd8,350000000,83.95,293825000,350000000,84,294000000,175000,Bavsa,Mesa
2026-07-17,Mariano,tx26,715000000,713.17,5099186950,715000000,713,5097950000,-1236950,Max,Mesa
2026-07-17,Valentina,s30n6,550000000,119.61,657860500,550000000,119.62,657910000,49500,Lombard,Mesa
2026-07-17,Valentina,x31l6,328440600,117.19,384899539.13999999,328440600,117.2,384935667.61000001,36128.47,Lombard,Mesa
2026-07-20,Javier,OLC5O,61800,159999,98879382,61800,161666,99909588,1030206,Cooperativas,Bautista
2026-07-20,Javier,YM37O,61934,157346,97450671.640000001,61934,157937,97816701.579999998,366029.94,Productores,Bautista
2026-07-20,Valentina,Dolar mep,9276,1512,14025312,9276,1517,14071692,46380,Cooperativas,Bautista
2026-07-20,Javier,TXMD9,3000000000,84.9,2547000000,3000000000,85.02,2550480000,3480000,Schroder,Mesa
2026-07-20,Javier,TTD26,500000000,163.44999999999999,817250000,500000000,163.55000000000001,817750000,500000,Toronto,Mesa
2026-07-20,Javier,tzxo6,1000000000,166.35,1663500000,1000000000,166.45,1664500000,1000000,ACABIO,Mesa
2026-07-20,Valentina,Dolar mep,66302,1507,99917114,66302,1512,100248624,331510,Cooperativas,Bautista
2026-07-21,Javier,TZXD6,114700854,292.5,335499997.94999999,114700854,292.89999999999998,335958801.37,458803.42,ACABIO,Mesa
2026-07-21,Compartido,ao29,1000000,143340,1433400000,1000000,143400,1434000000,600000,Industrial,Mesa
2026-07-21,Compartido,tzxs8,2000000000,93.55,1871000000,2000000000,93.6,1872000000,1000000,Schroder,Mesa
2026-07-21,Compartido,TXMJ9,1270000000,90.95,1155065000,1270000000,91,1155700000,635000,Schroder,Mesa
2026-07-21,Compartido,TZXM8,1000000000,97.47,974660000,1000000000,97.5,975000000,340000,Schroder,Mesa
2026-07-21,Mariano,s31g6,1127940702,124.1,1399774411.1800001,1127940702,124.12,1399999999.3199999,225588.14,Avalian,Mesa
2026-07-21,Javier,CO35D,70000,108.45,75915,70000,108.5,75950,52815,Avalian,Mesa
2026-07-21,Mariano,t30a7,2000000000,131.54,2630760000,2000000000,131.56,2631200000,440000,Max,Mesa
2026-07-21,Compartido,tzxo6,120000000,166.65,199980000,120000000,166.7,200040000,60000,First,Mesa
2026-07-21,Mariano,s15s6,767959334,103.68,796220237.49000001,767959334,103.68,796243276.26999998,23038.78,Max,Mesa
2026-07-21,Valentina,tzxs8,339078553,93.57,317275802.04000002,339078553,93.62,317445341.31999999,169539.28,Cartera Propia,Mesa
2026-07-21,Valentina,tzxm7,51725727,216.15,111805158.91,51725727,216.2,111831021.77,25862.86,Cartera Propia,Mesa
2026-07-21,Valentina,tzxs7,397173323,103.7,411868735.94999999,397173323,103.75,412067322.61000001,198586.66,Cartera Propia,Mesa
2026-07-21,Valentina,tzx28,91885150,344.8,316819997.19999999,91885150,345.3,317279422.94999999,459425.75,Cartera Propia,Mesa
2026-07-22,Valentina,tzx28,20000000,344.75,68950000,20000000,345,69000000,50000,Cartera Propia,Mesa
2026-07-22,Mariano,txmd9,586510263,85.25,499970673.69,586510263,85.25,499999999.20999998,29325.51,Avalian,Mesa
2026-07-22,Mariano,txmd9,22314180,85.25,19021722.739999998,22314180,85.15,19000524.27,-21198.47,Cartera Propia,Mesa
2026-07-22,Mariano,ttd26,305716906,163.55000000000001,499999999.75999999,305716906,163.6,500152858.22000003,152858.45000000001,Avalian,Mesa
2026-07-22,Javier,GN39O,767196,146274,1122208277.04,767196,147408.54999999999,1130912499.26,8704222.2200000007,La Segunda,Mesa
2026-07-22,Mariano,tzx28,45633361,344.97,157420036.44,45633361,345.37,157602569.88,182533.44,Cartera Propia,Mesa
2026-07-23,Javier,D31L6,285400,148250,423105500,285400,148300,423248200,142700,Dracma,Mesa
2026-07-23,Javier,TZVD8,350252,120700,422754164,350252,120800,423104416,350252,Dracma,Mesa
2026-07-23,Valentina,Dolar mep,43000,1518,65274000,43000,1525,65575000,301000,AL2,Mesa
2026-07-23,Compartido,TZX28,185000000,345.19,638592250,185000000,345.57,639304500,712250,Cartera Propia,Mesa
2026-07-24,Compartido,TZVD8,413907,120700,499585749,413907,120800,499999656,413907,Avalian,Mesa
2026-07-24,Mariano,s14g6,467726847,106.84,499719363.32999998,467726847,106.9,499999999.44,280636.11,Cooperativas,Justo
2026-07-24,Javier,PN40O,821000,149150,1224521500,821000,149300,1225753000,1231500,Cooperativas,Bautista
2026-07-24,Javier,PN40O,823485,148350,1221639997.5,823485,148700,1224522195,2882197.5,Cooperativas,Bautista
2026-07-24,Compartido,TXMJ9,2500000000,91.2,2280000000,2500000000,91.25,2281250000,1250000,Schroder,Mesa
2026-07-24,Compartido,AO28,405249,150000,607873500,405249,150500,609899745,2026245,ACABIO,Mesa
2026-07-24,Compartido,AO28,501546,120800,605867568,501546,121200,607873752,2006184,ACABIO,Mesa
2026-07-24,Compartido,TXMD9,755555544,85.05,642599990.16999996,755555544,85.06,642675545.73000002,75555.55,Schroder,Mesa
2026-07-27,Mariano,s14g6,30000000,106.87,32061000,30000000,106.94,32081700,20700,Dracma,Mesa
2026-07-27,Mariano,ttd26,231431984,164.3,380242749.70999998,231431984,164.25,380133976.68000001,-108773.03,Cartera Propia,Mesa
2026-07-27,Javier,TZVD8,123119,120900,148850871,123119,121800,149958942,1108071,Productores,Alejandro
2026-07-27,Javier,CP36O,100000,154410,154410000,100000,155283,155283000,873000,Productores,Alejandro
2026-07-27,Compartido,d31g6,270000,148400,400680000,270000,148450,400815000,135000,First,Mesa
2026-07-27,Javier,AL30,286862,87150,250000233,286862,87300,250430526,430293,Cooperativas,Bautista
2026-07-27,Compartido,TZXD7,1000000000,271.25,2712500000,1000000000,271.64999999999998,2716500000,4000000,ACABIO,Mesa
2026-07-27,Mariano,X30S6,1000000000,112.6,1126000000,1000000000,112.7,1127000000,1000000,Lombard,Mesa
2026-07-27,Compartido,tzxs7,2604608826,104.1,2711397787.8699999,2604608826,104.2,2714002396.6900001,2604608.83,ACABIO,Mesa
2026-07-27,Mariano,s14g6,259800878,106.92,277779098.75999999,259800878,106.97,277908999.19999999,129900.44,Cooperativas,Justo
2026-07-28,Mariano,s14g6,124252615,106.98,132925447.53,124252615,107.04,132999999.09999999,74551.570000000007,Cooperativas,Justo
2026-07-28,Valentina,Dolar mep,6777,1535.9,10408794.300000001,6777,1541,10443357,34562.699999999997,AL2,Mesa
2026-07-28,Valentina,ao27,25132,103.4,39889259.079999998,25132,103.45,39908547.890000001,19288.810000000001,Cooperativas,Bautista
2026-07-28,Mariano,s31g6,802890405,124.49,999502207.38,802890405,124.55,999999999.42999995,497792.05,Cooperativas,Justo
2026-07-28,Mariano,tzx28,100000000,346.8,346800000,100000000,347,347000000,200000,SBS,Mesa
2026-07-28,Javier,TZV28,23089,127250,29380752.5,23089,128900,29761721,380968.5,Cooperativas,Bautista
2026-07-28,Valentina,Dolar mep,4819,1531.34,7379527.46,4819,1537,7406803,27275.54,AL2,Mesa
2026-07-28,Mariano,TZXM7,1000000000,217.65,2176500000,1000000000,217.7,2177000000,500000,Lombard,Mesa
2026-07-28,Mariano,TZXO6,1000000000,217.65,2176500000,1000000000,217.7,2177000000,500000,Lombard,Mesa
2026-07-28,Mariano,TZXD6,450280000,294.45,1325849460,450280000,294.5,1326074600,225140,Lombard,Mesa
2026-07-28,Mariano,TZXO6,2000000000,167.25,3345000000,2000000000,167.3,3346000000,1000000,Lombard,Mesa
2026-07-28,Mariano,s31g6,104710000,124.42,130283323.3,104710000,124.42,130280182,-3141.3,Cartera Propia,Mesa
2026-07-28,Mariano,s31g6,535163992,124.49,666214950.36000001,535163992,124.5,666268466.75999999,53516.4,Cartera Propia,Mesa
2026-07-29,Compartido,TXMJ0,133057075,81.599999999999994,108574573.2,133057075,82.16,109315701.11,741127.91,Cartera Propia,Mesa
2026-07-29,Compartido,tzxm7,900000000,217.7,1959300000,900000000,217.84,1960533000,1233000,Cartera Propia,Mesa
2026-07-29,Compartido,TXMD9,231448852,85.41,197680464.49000001,231448852,84.9,196500075.34999999,-1180389.1499999999,Cartera Propia,Mesa
2026-07-29,Compartido,s15s6,142290044,104.17,148223538.83000001,142290044,104.06,148067019.78999999,-156519.04999999999,Cartera Propia,Mesa
2026-07-29,Mariano,t30a7,380000000,131.19999999999999,498560000,380000000,131.29,498898200,338200,SBS,Mesa
2026-07-29,Mariano,s30s6,1000000000,113.09,1130885238.3599999,1000000000,113.05,1130450000,-435238.36,Cartera Propia,Mesa
2026-07-29,Mariano,tzxo6,1000000000,167.36,1673600000,1000000000,167.3,1673000000,-600000,Cartera Propia,Mesa
2026-07-29,Mariano,tzxd6,299720000,294.45,882531534.39999998,299720000,294.69,883256856.79999995,725322.4,Cartera Propia,Mesa
2026-07-29,Mariano,s31g6,1360099008,124.65,1695363413.47,1360099008,124.58,1694465748.1300001,-897665.35,Cartera Propia,Mesa
2026-07-29,Compartido,tzxs7,642204666,104.25,669498364.30999994,642204666,104.3,669819466.63999999,321102.33,ACABIO,Mesa
2026-07-29,Compartido,tzxd7,246365543,271.58,669074614.37,246365543,271.75,669498363.10000002,423748.73,ACABIO,Mesa
